update,env_steps,policy_loss,value_loss,entropy,clip_fraction,recent_avg_return,recent_severe_miss_rate,recent_false_warning_rate,recent_avg_warning_step_on_severe,recent_avg_watch_step_on_potential,recent_safety_score,validation_avg_return,validation_severe_miss_rate,validation_false_warning_rate,validation_avg_warning_step_on_severe,validation_avg_watch_step_on_potential,validation_safety_score,device,artifact_prefix
1,256,-0.00945228268392384,4776.091400146484,0.8369326144456863,0.0888671875,-61.32499787807465,0.0,0.8888888888888888,5.4,3.8333333333333335,-105.7694423225191,,,,,,,cpu,ppo_lstm_seed77
2,512,-0.008843948133289814,659.591474533081,0.8470801487565041,0.0,-28.812498939037322,0.0,0.6666666666666666,5.461538461538462,4.333333333333333,-62.145832272370654,,,,,,,cpu,ppo_lstm_seed77
3,768,-0.0031738996040076017,3719.4588298797607,0.8578661680221558,0.0,-32.59062370657921,0.0,0.65,5.294117647058823,3.6538461538461537,-65.09062370657921,,,,,,,cpu,ppo_lstm_seed77
4,1024,-0.0006622211076319218,1363.918758392334,0.8479896262288094,0.0048828125,-26.46785607792082,0.0,0.6521739130434783,5.291666666666667,3.638888888888889,-59.076551730094735,,,,,,,cpu,ppo_lstm_seed77
5,1280,-0.0013294252566993237,4540.423679351807,0.8387631736695766,0.0029296875,-29.784998922348024,0.03225806451612903,0.6538461538461539,5.266666666666667,4.0476190476190474,-72.15472596949442,,,,,,,cpu,ppo_lstm_seed77
6,1536,-0.003783958964049816,2715.1390991210938,0.7792134322226048,0.015625,-27.639999437332154,0.04,0.4482758620689655,5.291666666666667,3.6,-62.05379254078043,,,,,,,cpu,ppo_lstm_seed77
7,1792,-0.00254121795296669,4435.839645385742,0.746504221111536,0.0146484375,-34.179999380111695,0.045454545454545456,0.5333333333333333,5.238095238095238,3.8085106382978724,-74.48302968314201,,,,,,,cpu,ppo_lstm_seed77
8,2048,-0.0070187002420425415,1087.1482977867126,0.7338618226349354,0.0458984375,-30.60499945640564,0.045454545454545456,0.5172413793103449,5.476190476190476,3.836734693877551,-70.10343205828651,,,,,,,cpu,ppo_lstm_seed77
9,2304,0.00039716705214232206,2116.126754760742,0.6934200786054134,0.0166015625,-19.909999356269836,0.0,0.42424242424242425,5.041666666666667,3.4186046511627906,-41.12212056839105,,,,,,,cpu,ppo_lstm_seed77
10,2560,0.012797769159078598,1537.2969398498535,0.7326885499060154,0.0908203125,-16.28999969959259,0.0,0.37142857142857144,4.857142857142857,3.2045454545454546,-34.86142827102117,,,,,,,cpu,ppo_lstm_seed77
11,2816,-0.004078549914993346,1882.5980243682861,0.7726917900145054,0.0166015625,-7.394999451637268,0.0,0.30303030303030304,4.925925925925926,3.2,-22.54651460315242,,,,,,,cpu,ppo_lstm_seed77
12,3072,-0.006467930972576141,2276.505931854248,0.6767634376883507,0.0751953125,-6.734999752044677,0.0,0.2631578947368421,5.0,2.8857142857142857,-19.892894488886782,,,,,,,cpu,ppo_lstm_seed77
13,3328,-0.00033895717933773994,1066.6338348388672,0.6086918488144875,0.0234375,-7.384999871253967,0.0,0.23684210526315788,5.037037037037037,3.4,-19.22710513441186,,,,,,,cpu,ppo_lstm_seed77
14,3584,0.01439269189722836,603.776050567627,0.7080911137163639,0.0732421875,-3.129999866485596,0.0,0.16216216216216217,5.444444444444445,3.75,-11.238107974593705,,,,,,,cpu,ppo_lstm_seed77
15,3840,0.009145221207290888,1947.448818206787,0.8338535204529762,0.076171875,-7.584999589920044,0.0,0.22857142857142856,5.666666666666667,3.7804878048780486,-19.013571018491472,,,,,,,cpu,ppo_lstm_seed77
16,4096,0.0021458144765347242,3852.7665271759033,0.765723429620266,0.001953125,-7.00999980211258,0.037037037037037035,0.21212121212121213,6.0,3.975,-28.727171519284294,,,,,,,cpu,ppo_lstm_seed77
17,4352,-0.006956877186894417,1483.5951137542725,0.7656031250953674,0.0185546875,-7.374999697208405,0.041666666666666664,0.1875,6.217391304347826,4.159090909090909,-29.249999697208406,,,,,,,cpu,ppo_lstm_seed77
18,4608,-0.001584197161719203,5876.7116413116455,0.685113038867712,0.1357421875,-18.75500010728836,0.13636363636363635,0.21212121212121213,6.578947368421052,4.266666666666667,-70.27015162243987,,,,,,,cpu,ppo_lstm_seed77
19,4864,-0.0017153634689748287,4160.48860168457,0.6360077224671841,0.0146484375,-22.39000025510788,0.17391304347826086,0.23529411764705882,6.368421052631579,4.395348837209302,-86.32861918093907,,,,,,,cpu,ppo_lstm_seed77
20,5120,-0.002357056364417076,3430.8225059509277,0.6198139227926731,0.013671875,-21.820000324249268,0.16666666666666666,0.1891891891891892,6.45,4.487179487179487,-81.27945978370872,,,,,,,cpu,ppo_lstm_seed77
21,5376,-0.004126026527956128,703.1643838882446,0.6711088009178638,0.0078125,-18.855000381469726,0.18181818181818182,0.1388888888888889,6.277777777777778,4.926829268292683,-80.34489937136871,,,,,,,cpu,ppo_lstm_seed77
22,5632,-0.004151421599090099,4359.647613525391,0.645549725741148,0.01953125,-19.84000036239624,0.18518518518518517,0.15625,6.5,4.769230769230769,-83.20805591795178,,,,,,,cpu,ppo_lstm_seed77
23,5888,-0.006865090224891901,8042.362241744995,0.6402371898293495,0.01953125,-23.93000027179718,0.2,0.16129032258064516,6.666666666666667,5.108108108108108,-91.99451640082944,,,,,,,cpu,ppo_lstm_seed77
24,6144,-0.011065353639423847,2106.894335746765,0.5456702765077353,0.0185546875,-20.91500005722046,0.19230769230769232,0.13513513513513514,6.9523809523809526,4.685714285714286,-85.36406450628492,,,,,,,cpu,ppo_lstm_seed77
25,6400,7.035117596387863e-05,905.1924285888672,0.5787733420729637,0.02734375,-20.83999976158142,0.20833333333333334,0.14285714285714285,7.2105263157894735,4.615384615384615,-90.48285690443856,,,,,,,cpu,ppo_lstm_seed77
26,6656,0.0024585823994129896,3124.7163829803467,0.5726622715592384,0.00390625,-18.634999804496765,0.21739130434782608,0.10526315789473684,7.222222222222222,4.2631578947368425,-89.11554900358142,,,,,,,cpu,ppo_lstm_seed77
27,6912,0.005595078822807409,934.6986970901489,0.5820574276149273,0.0595703125,-12.260000085830688,0.19047619047619047,0.07692307692307693,7.294117647058823,4.425,-73.24901107484166,,,,,,,cpu,ppo_lstm_seed77
28,7168,0.007579304277896881,3786.366626739502,0.699669361114502,0.0244140625,-5.704999675750733,0.10526315789473684,0.09523809523809523,6.9411764705882355,3.7948717948717947,-42.04585180607654,,,,,,,cpu,ppo_lstm_seed77
29,7424,-0.003691250109113753,499.81940746307373,0.6520376950502396,0.0439453125,-3.10500018119812,0.1,0.05405405405405406,6.666666666666667,3.9302325581395348,-35.807702883900824,,,,,,,cpu,ppo_lstm_seed77
30,7680,0.00702223414555192,6222.571437835693,0.5619544517248869,0.0556640625,-13.865000486373901,0.2,0.07692307692307693,6.8125,3.95,-77.71115433252774,,,,,,,cpu,ppo_lstm_seed77
31,7936,-0.004994967021048069,2754.6155552864075,0.44628649577498436,0.0185546875,-11.280000452995301,0.17391304347826086,0.07894736842105263,6.842105263157895,4.026315789473684,-67.40128191752619,,,,,,,cpu,ppo_lstm_seed77
32,8192,0.0004022370558232069,1412.5095138549805,0.48661372624337673,0.0087890625,-11.920000343322753,0.18181818181818182,0.10526315789473684,6.833333333333333,4.256410256410256,-71.72861278351414,,,,,,,cpu,ppo_lstm_seed77
33,8448,0.0016200686804950237,842.3744583129883,0.531231576576829,0.0126953125,-6.280000295639038,0.14285714285714285,0.1111111111111111,6.555555555555555,4.357142857142857,-54.692698708337446,,,,,,,cpu,ppo_lstm_seed77
34,8704,0.0027363384142518044,627.9813766479492,0.5409371666610241,0.044921875,-4.730000443458557,0.13636363636363635,0.09523809523809523,6.578947368421052,4.114285714285714,-50.40099611445422,,,,,,,cpu,ppo_lstm_seed77
35,8960,-0.009253238793462515,3065.408555984497,0.6143458560109138,0.0166015625,6.185000014305115,0.041666666666666664,0.08333333333333333,6.782608695652174,4.025,-10.48166665236155,,,,,,,cpu,ppo_lstm_seed77
36,9216,-0.0023795822635293007,573.3842868804932,0.5417029410600662,0.0322265625,7.469999780654907,0.037037037037037035,0.02631578947368421,6.653846153846154,3.7714285714285714,-4.956900804140414,,,,,,,cpu,ppo_lstm_seed77
37,9472,-0.006353189703077078,688.1862258911133,0.48276958987116814,0.0244140625,12.175000023841857,0.037037037037037035,0.0,6.615384615384615,3.4285714285714284,1.0638889127307465,,,,,,,cpu,ppo_lstm_seed77
38,9728,-0.0063223185716196895,1008.0248794555664,0.46403330378234386,0.0146484375,13.095000162124634,0.03225806451612903,0.0,6.4,3.21875,3.4175808072859244,,,,,,,cpu,ppo_lstm_seed77
39,9984,0.0029071345925331116,511.8657751083374,0.47615124471485615,0.0146484375,14.200000128746034,0.037037037037037035,0.0,6.230769230769231,3.55,3.088889017634923,,,,,,,cpu,ppo_lstm_seed77
40,10240,0.00032220594584941864,477.19035720825195,0.4236628543585539,0.0,20.920000343322755,0.0,0.0,5.608695652173913,3.4285714285714284,20.920000343322755,18.745312500000004,0.0,0.0,3.8333333333333335,4.3478260869565215,18.745312500000004,cpu,ppo_lstm_seed77
41,10496,-0.012123542837798595,753.1942539215088,0.40731701999902725,0.0791015625,21.01500042438507,0.0,0.0,5.428571428571429,3.0238095238095237,21.01500042438507,,,,,,,cpu,ppo_lstm_seed77
42,10752,-0.0024729249998927116,593.7367334365845,0.30430392920970917,0.001953125,16.905000071525574,0.0,0.0,5.761904761904762,3.5609756097560976,16.905000071525574,,,,,,,cpu,ppo_lstm_seed77
43,11008,-0.0021364372223615646,1015.2084693908691,0.3102389983832836,0.0009765625,16.68500002861023,0.0,0.0,5.8,3.6578947368421053,16.68500002861023,,,,,,,cpu,ppo_lstm_seed77
44,11264,-0.0009604096412658691,711.0474758148193,0.32922615110874176,0.0,19.765000195503234,0.0,0.0,5.68,4.108108108108108,19.765000195503234,,,,,,,cpu,ppo_lstm_seed77
45,11520,-0.00012184120714664459,1457.54732131958,0.2893996052443981,0.0,24.945000290870667,0.0,0.0,5.5,4.290322580645161,24.945000290870667,,,,,,,cpu,ppo_lstm_seed77
46,11776,-0.007196718594059348,1846.3270111083984,0.2785109970718622,0.01953125,23.4800005197525,0.0,0.02857142857142857,5.314285714285714,4.266666666666667,22.051429091181074,,,,,,,cpu,ppo_lstm_seed77
47,12032,-0.002084082458168268,551.5280456542969,0.24756071344017982,0.001953125,26.095000648498534,0.0,0.03225806451612903,5.03125,4.135135135135135,24.482097422692082,,,,,,,cpu,ppo_lstm_seed77
48,12288,-0.0010625369613990188,802.1299362182617,0.24740579910576344,0.0009765625,20.505000519752503,0.0,0.030303030303030304,5.035714285714286,4.333333333333333,18.989849004600988,,,,,,,cpu,ppo_lstm_seed77
49,12544,-0.0009761108085513115,625.6688060760498,0.2765774764120579,0.0048828125,19.385000290870668,0.0,0.030303030303030304,4.826086956521739,4.159090909090909,17.869848775719152,,,,,,,cpu,ppo_lstm_seed77
50,12800,0.0016572866588830948,745.940845489502,0.2726108208298683,0.0,16.97500020503998,0.0,0.02857142857142857,4.888888888888889,3.893617021276596,15.54642877646855,,,,,,,cpu,ppo_lstm_seed77
51,13056,-0.0009209599811583757,1087.6134300231934,0.2734362222254276,0.001953125,21.145000104904174,0.0,0.0,4.9523809523809526,3.723404255319149,21.145000104904174,,,,,,,cpu,ppo_lstm_seed77
52,13312,-0.0017984472215175629,706.5413188934326,0.24537234287708998,0.00390625,25.220000238418578,0.0,0.0,5.153846153846154,3.688888888888889,25.220000238418578,,,,,,,cpu,ppo_lstm_seed77
53,13568,0.0031578242778778076,182.3961295261979,0.2149791233241558,0.005859375,23.81500011920929,0.0,0.0,5.318181818181818,3.5476190476190474,23.81500011920929,,,,,,,cpu,ppo_lstm_seed77
54,13824,-0.0009555387077853084,907.3705406188965,0.23116644192487001,0.001953125,24.60500002861023,0.0,0.0,5.045454545454546,3.55,24.60500002861023,,,,,,,cpu,ppo_lstm_seed77
55,14080,-0.0006603728979825974,982.6528358459473,0.21445089299231768,0.0,26.300000052452088,0.0,0.0,4.9523809523809526,3.2439024390243905,26.300000052452088,,,,,,,cpu,ppo_lstm_seed77
56,14336,-0.00015371409244835377,557.8789948225021,0.1668670205399394,0.001953125,24.85999993801117,0.0,0.0,4.588235294117647,3.55,24.85999993801117,,,,,,,cpu,ppo_lstm_seed77
57,14592,-0.0012121405452489853,651.2920045852661,0.20024207141250372,0.001953125,27.54500008583069,0.0,0.0,4.578947368421052,3.261904761904762,27.54500008583069,,,,,,,cpu,ppo_lstm_seed77
58,14848,0.00039854273200035095,488.14516258239746,0.2507327953353524,0.017578125,29.17500012397766,0.0,0.0,4.619047619047619,3.073170731707317,29.17500012397766,,,,,,,cpu,ppo_lstm_seed77
59,15104,0.006154193077236414,1064.9001731872559,0.33208946511149406,0.0322265625,28.74500036239624,0.0,0.027777777777777776,4.875,3.3,27.35611147350735,,,,,,,cpu,ppo_lstm_seed77
60,15360,-0.002435743808746338,334.80153369903564,0.35716166347265244,0.0009765625,23.100000076293945,0.0,0.027777777777777776,5.157894736842105,3.688888888888889,21.711111187405056,,,,,,,cpu,ppo_lstm_seed77
61,15616,-0.0012684669345617294,638.4108514785767,0.34508825093507767,0.005859375,24.0400000333786,0.0,0.034482758620689655,5.0476190476190474,4.0,22.315862102344116,,,,,,,cpu,ppo_lstm_seed77
62,15872,-0.00281293923035264,476.3201026916504,0.3134659267961979,0.0166015625,21.935000081062316,0.0,0.029411764705882353,4.888888888888889,3.9166666666666665,20.4644118457682,,,,,,,cpu,ppo_lstm_seed77
63,16128,-0.0020510517060756683,1114.760793685913,0.28530039079487324,0.0,21.935000243186952,0.0,0.0625,5.136363636363637,3.8260869565217392,18.810000243186952,,,,,,,cpu,ppo_lstm_seed77
64,16384,0.0006430908106267452,553.6455488204956,0.2585908090695739,0.0732421875,22.445000166893006,0.0,0.03125,5.25,3.7291666666666665,20.882500166893006,,,,,,,cpu,ppo_lstm_seed77
65,16640,0.0030647681560367346,3161.411268234253,0.26051993016153574,0.0,22.115000200271606,0.043478260869565216,0.030303030303030304,5.5,3.2045454545454546,7.556370424250526,,,,,,,cpu,ppo_lstm_seed77
66,16896,-0.00890630017966032,3323.592487335205,0.2282459195703268,0.0068359375,18.4000000667572,0.08,0.03125,5.695652173913044,3.3488372093023258,-7.162499933242799,,,,,,,cpu,ppo_lstm_seed77
67,17152,-0.0047502340748906136,227.8810110092163,0.22026580851525068,0.025390625,20.1100000333786,0.07407407407407407,0.04,6.16,3.4791666666666665,-4.112222188843621,,,,,,,cpu,ppo_lstm_seed77
68,17408,-0.000779465539380908,802.2753381729126,0.1868965569883585,0.0,22.060000228881837,0.08333333333333333,0.0,5.818181818181818,3.5686274509803924,-2.9399997711181634,,,,,,,cpu,ppo_lstm_seed77
69,17664,-0.0012751724570989609,869.4841728210449,0.18317666836082935,0.0,20.31500009059906,0.08,0.0,5.695652173913044,3.877551020408163,-3.68499990940094,,,,,,,cpu,ppo_lstm_seed77
70,17920,-0.0016332631930708885,344.0401382446289,0.19985637161880732,0.013671875,24.685000262260438,0.04,0.0,5.5,3.836734693877551,12.685000262260438,,,,,,,cpu,ppo_lstm_seed77
71,18176,0.004215939901769161,376.11454701423645,0.2947770971804857,0.03125,26.030000305175783,0.0,0.0,5.45,3.5714285714285716,26.030000305175783,,,,,,,cpu,ppo_lstm_seed77
72,18432,-0.003350672544911504,1204.617444038391,0.24240064062178135,0.0,22.27500009059906,0.0,0.02631578947368421,5.2,3.738095238095238,20.959210616914852,,,,,,,cpu,ppo_lstm_seed77
73,18688,-0.0023932326585054398,506.0429973602295,0.2637761076912284,0.0,21.07499990940094,0.0,0.02702702702702703,5.6521739130434785,4.025,19.72364855804959,,,,,,,cpu,ppo_lstm_seed77
74,18944,-0.0018541640602052212,389.96757221221924,0.29147361032664776,0.03125,18.159999771118166,0.0,0.02702702702702703,5.954545454545454,4.317073170731708,16.808648419766815,,,,,,,cpu,ppo_lstm_seed77
75,19200,-0.0009274643380194902,831.4473476409912,0.24680119846016169,0.0009765625,19.129999866485594,0.0,0.02857142857142857,5.72,4.275,17.701428437914167,,,,,,,cpu,ppo_lstm_seed77
76,19456,-0.0021602045744657516,817.8357067108154,0.27126279287040234,0.00390625,20.590000162124635,0.0,0.03225806451612903,5.703703703703703,3.7857142857142856,18.977096936318183,,,,,,,cpu,ppo_lstm_seed77
77,19712,-0.0002049468457698822,475.9187068939209,0.23037802800536156,0.0,23.320000104904175,0.0,0.0,5.592592592592593,3.75,23.320000104904175,,,,,,,cpu,ppo_lstm_seed77
78,19968,-0.0018293855246156454,643.1364291906357,0.2182130664587021,0.0087890625,21.920000114440917,0.0,0.0,5.136363636363637,3.642857142857143,21.920000114440917,,,,,,,cpu,ppo_lstm_seed77
79,20224,-0.00015569385141134262,427.32658672332764,0.20994005911052227,0.0,24.940000200271605,0.0,0.0,5.0,3.441860465116279,24.940000200271605,18.307812500000004,0.0,0.0,3.8333333333333335,4.3478260869565215,18.307812500000004,cpu,ppo_lstm_seed77
80,20480,-0.00019390322268009186,806.0149002075195,0.22697521466761827,0.0,26.415000376701354,0.0,0.0,4.958333333333333,3.642857142857143,26.415000376701354,,,,,,,cpu,ppo_lstm_seed77
81,20736,-0.0008382811211049557,561.7588329315186,0.2296054158359766,0.0,28.01000024318695,0.0,0.0,4.916666666666667,3.8333333333333335,28.01000024318695,,,,,,,cpu,ppo_lstm_seed77
82,20992,-0.0008339136838912964,905.3519668579102,0.23547082394361496,0.0,30.49500044822693,0.0,0.0,5.0,3.324324324324324,30.49500044822693,,,,,,,cpu,ppo_lstm_seed77
83,21248,-0.000482325442135334,495.3741669654846,0.22099953424185514,0.0009765625,31.04500060558319,0.0,0.0,5.111111111111111,3.225,31.04500060558319,,,,,,,cpu,ppo_lstm_seed77
84,21504,0.0015779193490743637,529.1588706970215,0.20139903854578733,0.0068359375,25.895000405311585,0.0,0.02564102564102564,5.136363636363637,3.0,24.612949123260304,,,,,,,cpu,ppo_lstm_seed77
85,21760,-0.0036251979181542993,1046.8247623443604,0.1908206408843398,0.001953125,20.835000314712524,0.0,0.046511627906976744,5.235294117647059,2.9,18.509418919363686,,,,,,,cpu,ppo_lstm_seed77
86,22016,-0.0017512217164039612,552.824384689331,0.17903028149157763,0.0,21.58000030040741,0.0,0.046511627906976744,5.277777777777778,3.1025641025641026,19.25441890505857,,,,,,,cpu,ppo_lstm_seed77
87,22272,-0.0005272757261991501,415.4039707183838,0.1796982204541564,0.0029296875,19.84500015258789,0.0,0.043478260869565216,5.0,3.292682926829268,17.671087109109628,,,,,,,cpu,ppo_lstm_seed77
88,22528,-0.00038887374103069305,574.2992687225342,0.16925283335149288,0.0,20.654999923706054,0.0,0.02127659574468085,5.0625,3.5405405405405403,19.591170136472012,,,,,,,cpu,ppo_lstm_seed77
89,22784,0.002671648282557726,609.3245258331299,0.19965196959674358,0.0048828125,19.225000038146973,0.0,0.02040816326530612,5.0,3.6176470588235294,18.204591874881668,,,,,,,cpu,ppo_lstm_seed77
90,23040,0.0006356080994009972,602.0759878158569,0.23491618502885103,0.005859375,19.314999957084655,0.0,0.0,5.0588235294117645,4.243243243243243,19.314999957084655,,,,,,,cpu,ppo_lstm_seed77
91,23296,-0.0005221888422966003,800.1016578674316,0.22027322091162205,0.0009765625,19.3699999666214,0.0,0.0,4.8125,3.6578947368421053,19.3699999666214,,,,,,,cpu,ppo_lstm_seed77
92,23552,-8.726981468498707e-05,755.026965379715,0.22398052923381329,0.005859375,20.32500006198883,0.0,0.0,4.7894736842105265,3.7777777777777777,20.32500006198883,,,,,,,cpu,ppo_lstm_seed77
93,23808,0.0025555756874382496,262.02065229415894,0.20675759203732014,0.0087890625,21.210000176429748,0.0,0.0,4.588235294117647,3.7954545454545454,21.210000176429748,,,,,,,cpu,ppo_lstm_seed77
94,24064,-0.0007620835676789284,434.3739824295044,0.14911817759275436,0.0029296875,25.12500030040741,0.0,0.0,4.4375,3.574468085106383,25.12500030040741,,,,,,,cpu,ppo_lstm_seed77
95,24320,-0.00020565371960401535,531.170482635498,0.1569955786690116,0.0,26.62500024318695,0.0,0.0,4.7368421052631575,3.6363636363636362,26.62500024318695,,,,,,,cpu,ppo_lstm_seed77
96,24576,-0.0015272970777004957,639.5288619995117,0.1748898383229971,0.0,28.57500032901764,0.0,0.0,5.0,3.6904761904761907,28.57500032901764,,,,,,,cpu,ppo_lstm_seed77
97,24832,-0.000614650547504425,791.0341682434082,0.16962935030460358,0.009765625,28.235000381469728,0.0,0.0,5.086956521739131,3.7333333333333334,28.235000381469728,,,,,,,cpu,ppo_lstm_seed77
98,25088,0.0014741220511496067,837.8778877258301,0.20504938904196024,0.0087890625,30.150000529289244,0.0,0.0,5.071428571428571,3.6341463414634148,30.150000529289244,,,,,,,cpu,ppo_lstm_seed77
99,25344,-0.0037375204265117645,629.0409183502197,0.2653001453727484,0.0048828125,29.09500041484833,0.0,0.0,5.133333333333334,3.6923076923076925,29.09500041484833,,,,,,,cpu,ppo_lstm_seed77
100,25600,0.00017741508781909943,490.05385971069336,0.24105138052254915,0.0,28.29500049114227,0.0,0.0,5.172413793103448,3.575,28.29500049114227,,,,,,,cpu,ppo_lstm_seed77
101,25856,0.0015194290317595005,458.7162609100342,0.29015911277383566,0.025390625,25.450000357627868,0.0,0.0,5.185185185185185,3.85,25.450000357627868,,,,,,,cpu,ppo_lstm_seed77
102,26112,0.0008585723116993904,844.8942050933838,0.4388961736112833,0.044921875,23.890000405311586,0.0,0.0,5.074074074074074,3.8947368421052633,23.890000405311586,,,,,,,cpu,ppo_lstm_seed77
103,26368,-0.0025856588035821915,550.9837951660156,0.4065242987126112,0.0087890625,21.045000233650207,0.0,0.0,5.166666666666667,4.0,21.045000233650207,,,,,,,cpu,ppo_lstm_seed77
104,26624,0.005874234950169921,250.56347179412842,0.36223982833325863,0.0498046875,21.785000352859498,0.0,0.0,5.136363636363637,3.7777777777777777,21.785000352859498,,,,,,,cpu,ppo_lstm_seed77
105,26880,0.00511705968528986,487.37928342819214,0.28720949962735176,0.017578125,22.435000510215758,0.0,0.0,4.944444444444445,3.72,22.435000510215758,,,,,,,cpu,ppo_lstm_seed77
106,27136,0.0014033010229468346,1999.5620040893555,0.4269353188574314,0.0400390625,20.300000553131103,0.0,0.07142857142857142,5.15,3.5576923076923075,16.72857198170253,,,,,,,cpu,ppo_lstm_seed77
107,27392,0.0003814827650785446,1035.781379699707,0.3745108265429735,0.0068359375,22.085000472068785,0.0,0.0625,4.96,3.558139534883721,18.960000472068785,,,,,,,cpu,ppo_lstm_seed77
108,27648,2.887379378080368e-05,649.3700847625732,0.38210351951420307,0.009765625,21.90500051498413,0.0,0.05128205128205128,4.739130434782608,3.0789473684210527,19.34089795088157,,,,,,,cpu,ppo_lstm_seed77
109,27904,0.0013019321486353874,789.8134822845459,0.35954389348626137,0.0224609375,22.050000505447386,0.0,0.05405405405405406,4.7407407407407405,3.388888888888889,19.347297802744684,,,,,,,cpu,ppo_lstm_seed77
110,28160,-0.003018561750650406,1428.8702182769775,0.40570027381181717,0.0068359375,19.770000681877136,0.0,0.07894736842105263,4.678571428571429,3.0,15.822632260824504,,,,,,,cpu,ppo_lstm_seed77
111,28416,0.0002095550298690796,1982.4754486083984,0.3801413420587778,0.0302734375,17.25000062942505,0.0,0.07692307692307693,4.769230769230769,3.085714285714286,13.403846783271202,,,,,,,cpu,ppo_lstm_seed77
112,28672,-0.0003182636573910713,1070.6938762664795,0.33910295367240906,0.009765625,19.405000944137573,0.0,0.125,4.730769230769231,2.880952380952381,13.155000944137573,,,,,,,cpu,ppo_lstm_seed77
113,28928,0.0014390461146831512,480.5601463317871,0.31206213496625423,0.005859375,20.0500009059906,0.0,0.14285714285714285,4.785714285714286,3.3181818181818183,12.907143763133458,,,,,,,cpu,ppo_lstm_seed77
114,29184,0.0011144038289785385,1042.9838314056396,0.39315816573798656,0.021484375,15.570000712871552,0.0,0.12121212121212122,4.88,3.5952380952380953,9.509394652265492,,,,,,,cpu,ppo_lstm_seed77
115,29440,0.0025926772505044937,568.8154239654541,0.312328914180398,0.0146484375,20.400000722408294,0.0,0.10714285714285714,4.84,3.595744680851064,15.042857865265436,,,,,,,cpu,ppo_lstm_seed77
116,29696,-0.0009453603997826576,242.24566745758057,0.32808149605989456,0.0029296875,22.40000068426132,0.0,0.07142857142857142,4.958333333333333,3.8125,18.828572112832752,,,,,,,cpu,ppo_lstm_seed77
117,29952,0.0002661700127646327,4039.2372484207153,0.33456648886203766,0.00390625,13.090000221729278,0.047619047619047616,0.0625,4.95,4.148936170212766,-4.320714063985006,,,,,,,cpu,ppo_lstm_seed77
118,30208,0.01025332696735859,347.38110160827637,0.35567611921578646,0.0693359375,13.135000207424163,0.05,0.06451612903225806,5.157894736842105,4.142857142857143,-5.09080624418874,18.573437500000004,0.0,0.0,4.0,4.3478260869565215,18.573437500000004,cpu,ppo_lstm_seed77
119,30464,-0.0004725949838757515,408.44463539123535,0.3777974732220173,0.02734375,14.910000128746033,0.05,0.034482758620689655,5.2105263157894735,4.137254901960785,-1.81413780228845,,,,,,,cpu,ppo_lstm_seed77
120,30720,0.001729290233924985,2211.4960861206055,0.36656703799963,0.025390625,12.195000448226928,0.045454545454545456,0.09375,4.904761904761905,4.108695652173913,-6.128863188136709,,,,,,,cpu,ppo_lstm_seed77
121,30976,0.0001150001771748066,747.8587379455566,0.27814878430217505,0.0224609375,14.930000500679016,0.037037037037037035,0.10344827586206896,4.884615384615385,4.136363636363637,-1.353524403535543,,,,,,,cpu,ppo_lstm_seed77
122,31232,0.0227520422777161,445.7855634689331,0.3245170246809721,0.052734375,20.860000805854796,0.0,0.06451612903225806,4.925925925925926,3.8333333333333335,17.63419435424189,,,,,,,cpu,ppo_lstm_seed77
123,31488,0.0013496470637619495,949.2802047729492,0.3169134324416518,0.0419921875,27.000001153945924,0.0,0.06060606060606061,4.7272727272727275,3.2058823529411766,23.969698123642893,,,,,,,cpu,ppo_lstm_seed77
124,31744,-0.0016172340256161988,547.3509378433228,0.24084447789937258,0.0029296875,26.70000104904175,0.0,0.058823529411764705,4.67741935483871,3.2857142857142856,23.758824578453513,,,,,,,cpu,ppo_lstm_seed77
125,32000,-0.0008735209703445435,804.8381290435791,0.2277601482346654,0.0,32.68500091552735,0.0,0.0,4.71875,3.5609756097560976,32.68500091552735,,,,,,,cpu,ppo_lstm_seed77
126,32256,0.0003627048572525382,833.4348278045654,0.25788522232323885,0.0078125,31.98500084400177,0.0,0.0,4.535714285714286,3.4390243902439024,31.98500084400177,,,,,,,cpu,ppo_lstm_seed77
127,32512,0.00044669024646282196,520.765992641449,0.2879299558699131,0.00390625,29.890000810623167,0.0,0.0,4.541666666666667,3.625,29.890000810623167,,,,,,,cpu,ppo_lstm_seed77
128,32768,0.0032425690442323685,2067.4965629577637,0.32243820279836655,0.0146484375,26.595000953674315,0.0,0.07142857142857142,4.5,3.739130434782609,23.023572382245746,,,,,,,cpu,ppo_lstm_seed77
129,33024,0.0005899288225919008,798.1091384887695,0.2836723905056715,0.0146484375,27.500001163482665,0.0,0.07692307692307693,4.5,3.652173913043478,23.653847317328818,,,,,,,cpu,ppo_lstm_seed77
130,33280,-0.00037351856008172035,738.1202430725098,0.22070597484707832,0.00390625,25.975001201629638,0.0,0.06666666666666667,4.48,3.3555555555555556,22.641667868296306,,,,,,,cpu,ppo_lstm_seed77
131,33536,0.004105426371097565,698.677191734314,0.22293474338948727,0.009765625,24.24000105381012,0.0,0.06451612903225806,4.576923076923077,3.372093023255814,21.014194602197215,,,,,,,cpu,ppo_lstm_seed77
132,33792,0.005471835844218731,363.34731364250183,0.22658033296465874,0.0078125,27.73500096321106,0.0,0.03225806451612903,4.75,3.4390243902439024,26.12209773740461,,,,,,,cpu,ppo_lstm_seed77
133,34048,0.0020291442051529884,1019.1501808166504,0.3663464579731226,0.03515625,22.930000534057616,0.0,0.03125,4.7727272727272725,3.739130434782609,21.367500534057616,,,,,,,cpu,ppo_lstm_seed77
134,34304,-0.0022747854236513376,1193.5117695331573,0.3998684659600258,0.048828125,15.515000267028809,0.0,0.05405405405405406,4.9411764705882355,3.760869565217391,12.812297564326105,,,,,,,cpu,ppo_lstm_seed77
135,34560,-6.755511276423931e-05,588.9707269668579,0.3125226330012083,0.021484375,15.71000024318695,0.0,0.05555555555555555,4.7894736842105265,4.177777777777778,12.932222465409172,,,,,,,cpu,ppo_lstm_seed77
136,34816,0.00013560429215431213,510.1725172996521,0.3047587778419256,0.0068359375,16.060000195503235,0.0,0.058823529411764705,4.947368421052632,4.148936170212766,13.118823724915,,,,,,,cpu,ppo_lstm_seed77
137,35072,0.0008810176514089108,997.30126953125,0.25883793737739325,0.0185546875,15.965000398159027,0.0,0.0967741935483871,4.954545454545454,4.0638297872340425,11.126290720739672,,,,,,,cpu,ppo_lstm_seed77
138,35328,-0.004667299333959818,295.93611431121826,0.246979970484972,0.0107421875,21.4350004029274,0.0,0.0625,5.0,3.6382978723404253,18.3100004029274,,,,,,,cpu,ppo_lstm_seed77
139,35584,-0.0004624621942639351,624.5551691055298,0.22858334332704544,0.013671875,26.43500040769577,0.0,0.037037037037037035,4.913043478260869,3.84,24.58314855584392,,,,,,,cpu,ppo_lstm_seed77
140,35840,-0.002371503971517086,462.00151443481445,0.18436332140117884,0.0087890625,27.945000507831573,0.0,0.034482758620689655,5.043478260869565,3.4791666666666665,26.22086257679709,,,,,,,cpu,ppo_lstm_seed77
141,36096,-0.0025997767224907875,451.61828231811523,0.2698263730853796,0.0185546875,25.52500045776367,0.0,0.03333333333333333,5.052631578947368,3.5098039215686274,23.858333791097003,,,,,,,cpu,ppo_lstm_seed77
142,36352,-0.0012472937814891338,537.3671035766602,0.2987436465919018,0.0087890625,25.710000228881835,0.0,0.0,5.05,3.693877551020408,25.710000228881835,,,,,,,cpu,ppo_lstm_seed77
143,36608,-0.00038262782618403435,331.5492820739746,0.3433648534119129,0.015625,27.400000381469727,0.0,0.0,5.125,3.382978723404255,27.400000381469727,,,,,,,cpu,ppo_lstm_seed77
144,36864,-0.0006872368976473808,543.9851570129395,0.2923619784414768,0.0029296875,23.80500014781952,0.0,0.0,5.285714285714286,3.3541666666666665,23.80500014781952,,,,,,,cpu,ppo_lstm_seed77
145,37120,0.0015463409945368767,655.4429168701172,0.2641496518626809,0.0439453125,23.62500012397766,0.0,0.0,5.16,3.395348837209302,23.62500012397766,,,,,,,cpu,ppo_lstm_seed77
146,37376,-0.00219188560731709,442.795081615448,0.23529228009283543,0.00390625,27.330000257492067,0.0,0.0,5.185185185185185,3.2439024390243905,27.330000257492067,,,,,,,cpu,ppo_lstm_seed77
147,37632,0.00296192429959774,573.656135559082,0.18865475431084633,0.009765625,31.885000500679016,0.0,0.0,5.129032258064516,3.175,31.885000500679016,,,,,,,cpu,ppo_lstm_seed77
148,37888,-0.00025662314146757126,183.70915055274963,0.20388241950422525,0.009765625,31.24000044822693,0.0,0.0,5.074074074074074,3.3902439024390243,31.24000044822693,,,,,,,cpu,ppo_lstm_seed77
149,38144,0.008502051292452961,524.5272998809814,0.24800210259854794,0.01953125,30.585000405311586,0.0,0.0,5.111111111111111,3.8205128205128207,30.585000405311586,,,,,,,cpu,ppo_lstm_seed77
150,38400,-0.005334964953362942,603.923303604126,0.2521079480648041,0.0302734375,27.9850003862381,0.0,0.0,5.2,3.725,27.9850003862381,,,,,,,cpu,ppo_lstm_seed77
151,38656,-0.001068023033440113,719.4304141998291,0.2701973533257842,0.0,24.22000030040741,0.0,0.0,5.0,3.5681818181818183,24.22000030040741,,,,,,,cpu,ppo_lstm_seed77
152,38912,0.0031955810263752937,554.0156388282776,0.18748050462454557,0.017578125,24.620000400543212,0.0,0.0,4.8,3.673469387755102,24.620000400543212,,,,,,,cpu,ppo_lstm_seed77
153,39168,6.479793228209019e-05,651.1223526000977,0.16372067108750343,0.0,25.885000400543213,0.0,0.0,4.708333333333333,3.702127659574468,25.885000400543213,,,,,,,cpu,ppo_lstm_seed77
154,39424,-0.0061030162032693624,575.7117080688477,0.1870754286646843,0.0048828125,27.790000352859497,0.0,0.0,4.846153846153846,3.4468085106382977,27.790000352859497,,,,,,,cpu,ppo_lstm_seed77
155,39680,0.005208618240430951,512.0906591415405,0.14658676087856293,0.0166015625,27.010000190734864,0.0,0.0,4.958333333333333,3.5625,27.010000190734864,,,,,,,cpu,ppo_lstm_seed77
156,39936,0.014751212613191456,673.8318614959717,0.18976688012480736,0.029296875,30.050000252723695,0.0,0.0,4.8076923076923075,3.6363636363636362,30.050000252723695,16.807812500000004,0.0,0.0,4.0,4.3478260869565215,16.807812500000004,cpu,ppo_lstm_seed77
