update,env_steps,policy_loss,value_loss,entropy,clip_fraction,recent_avg_return,recent_severe_miss_rate,recent_false_warning_rate,recent_avg_warning_step_on_severe,recent_avg_watch_step_on_potential,recent_safety_score,validation_avg_return,validation_severe_miss_rate,validation_false_warning_rate,validation_avg_warning_step_on_severe,validation_avg_watch_step_on_potential,validation_safety_score,device,artifact_prefix,curriculum_stage,normalize_observations
1,3141,0.010251901636365801,697.5316429138184,0.36876790318638086,0.19761820198618807,27.21500130623579,0.0,0.0,4.4772727272727275,,27.21500130623579,,,,,,,cuda,ppo_lstm_seed88,binary_easy,1
2,6282,-0.002716683957260102,468.1982011795044,0.30110711231827736,0.07239434402799816,22.825000786483287,0.0,0.0,4.828571428571428,,22.825000786483287,,,,,,,cuda,ppo_lstm_seed88,binary_easy,1
3,9423,-0.0012700328370556235,326.39389991760254,0.22313555143773556,0.034965975683007855,28.930000860989093,0.0,0.0,4.588235294117647,,28.930000860989093,,,,,,,cuda,ppo_lstm_seed88,binary_easy,1
4,12564,0.00311620271531865,304.99072647094727,0.17211255943402648,0.03720451446133666,39.60000129044056,0.0,0.0,4.463414634146342,,39.60000129044056,,,,,,,cuda,ppo_lstm_seed88,binary_easy,1
5,15705,-0.001300215193623444,266.88646030426025,0.15731404395774007,0.009715258278447436,44.155001401901245,0.0,0.0,4.666666666666667,,44.155001401901245,,,,,,,cuda,ppo_lstm_seed88,binary_easy,1
6,18846,-0.006416105032258201,259.43775033950806,0.15965218818746507,0.021310889162123203,30.220000977516175,0.0,0.0,4.588235294117647,,30.220000977516175,,,,,,,cuda,ppo_lstm_seed88,binary_easy,1
7,21987,0.007783776745782234,255.42183685302734,0.1425383051391691,0.01647564557060832,37.56500116348266,0.0,0.0,4.75,,37.56500116348266,,,,,,,cuda,ppo_lstm_seed88,binary_easy,1
8,25128,-0.004445606449735351,277.47168159484863,0.1529934098944068,0.023101720129488967,31.27500093460083,0.0,0.0,4.25,,31.27500093460083,,,,,,,cuda,ppo_lstm_seed88,binary_easy,1
9,28269,0.0032585914595983922,244.55474090576172,0.13724062778055668,0.002148997227777727,42.72000142097473,0.0,0.0,4.63265306122449,,42.72000142097473,,,,,,,cuda,ppo_lstm_seed88,binary_easy,1
10,31410,0.004241097019985318,286.7987537384033,0.1514857409056276,0.010386819820269011,34.8950011920929,0.0,0.0,4.414634146341464,,34.8950011920929,,,,,,,cuda,ppo_lstm_seed88,binary_easy,1
11,34551,0.003990640179836191,239.64534425735474,0.1348837052937597,0.013341691090317909,43.485001339912415,0.0,0.0,4.591836734693878,,43.485001339912415,,,,,,,cuda,ppo_lstm_seed88,binary_easy,1
12,37692,0.005509684269782156,235.5652437210083,0.12787773413583636,0.0026862465383601375,39.80500127792359,0.0,0.0,4.465116279069767,,39.80500127792359,,,,,,,cuda,ppo_lstm_seed88,binary_easy,1
13,40833,7.04811536706984e-05,229.4072699546814,0.1317709912545979,0.0018803725615725853,41.17000126838684,0.0,0.0,4.555555555555555,,41.17000126838684,,,,,,,cuda,ppo_lstm_seed88,binary_easy,1
14,43974,0.0033092420344473794,230.65299081802368,0.12434955104254186,0.004656160621379968,40.680001220703126,0.0,0.0,4.586956521739131,,40.680001220703126,,,,,,,cuda,ppo_lstm_seed88,binary_easy,1
15,47115,-0.00291654618922621,223.2263159751892,0.1218687912914902,0.011640401571639813,42.72000135421753,0.0,0.0,4.489795918367347,,42.72000135421753,,,,,,,cuda,ppo_lstm_seed88,binary_easy,1
16,50256,-0.0067055426188744605,241.84384632110596,0.1087549258954823,0.006939470218640054,41.705001406669616,0.0,0.0,4.673913043478261,,41.705001406669616,22.120312500000004,0.0,0.0,4.0,4.826086956521739,22.120312500000004,cuda,ppo_lstm_seed88,binary_easy,1
17,53397,0.0020860445147263817,221.11486625671387,0.1283186220098287,0.07687142146460246,30.470000630915166,0.0,0.0,4.409090909090909,4.586956521739131,30.470000630915166,,,,,,,cuda,ppo_lstm_seed88,potential_added,1
18,56538,0.005023035271733534,155.41230368614197,0.15929234959185123,0.035950932797277346,29.735000251531602,0.0,0.0,4.545454545454546,4.305084745762712,29.735000251531602,,,,,,,cuda,ppo_lstm_seed88,potential_added,1
19,59679,0.010546433026320301,142.44566249847412,0.1461621099151671,0.009536175188259222,32.30000032782554,0.0,0.0,4.9375,4.568965517241379,32.30000032782554,,,,,,,cuda,ppo_lstm_seed88,potential_added,1
20,62820,0.010090546304127201,135.62775039672852,0.12157053407281637,0.010162966020288877,34.720000557899475,0.0,0.0,4.869565217391305,4.511111111111111,34.720000557899475,,,,,,,cuda,ppo_lstm_seed88,potential_added,1
21,65961,0.005317202158039436,162.77238869667053,0.12779089342802763,0.01159563087276183,38.205000592768194,0.0,0.0,4.363636363636363,3.48,38.205000592768194,,,,,,,cuda,ppo_lstm_seed88,potential_added,1
22,69102,-0.004618764171027578,151.37198901176453,0.12915392545983195,0.004924785309412982,31.870000281333922,0.0,0.0,4.555555555555555,3.926829268292683,31.870000281333922,,,,,,,cuda,ppo_lstm_seed88,potential_added,1
23,72243,-0.010068226751172915,158.6570909023285,0.12270053802058101,0.003939828256989131,36.31000051498413,0.0,0.0,4.833333333333333,3.8444444444444446,36.31000051498413,,,,,,,cuda,ppo_lstm_seed88,potential_added,1
24,75384,0.0026075018249684945,163.5199158191681,0.11397122428752482,0.010476361523615196,38.315000495910645,0.0,0.0,4.793103448275862,4.25,38.315000495910645,,,,,,,cuda,ppo_lstm_seed88,potential_added,1
25,78525,-0.0032645530736772344,169.0415380001068,0.11923623643815517,0.005775430079665966,40.95000057697296,0.0,0.0,4.666666666666667,3.7719298245614037,40.95000057697296,,,,,,,cuda,ppo_lstm_seed88,potential_added,1
26,81666,-0.004903936690880073,165.02191352844238,0.11652737227268517,0.0043427652344689704,37.05500034332275,0.0,0.0,5.0,4.4,37.05500034332275,,,,,,,cuda,ppo_lstm_seed88,potential_added,1
27,84807,-0.002844660950358957,154.74479031562805,0.1122123934328556,0.010342049157770816,38.095000338554385,0.0,0.0,4.695652173913044,3.8518518518518516,38.095000338554385,,,,,,,cuda,ppo_lstm_seed88,potential_added,1
28,87948,0.0012454225798137486,136.57107591629028,0.11770567414350808,0.0052829515079793055,34.22500018119812,0.0,0.0,5.052631578947368,4.25,34.22500018119812,,,,,,,cuda,ppo_lstm_seed88,potential_added,1
29,91089,-0.008334016660228372,158.34456753730774,0.11669424269348383,0.011506089402246289,36.49000030517578,0.0,0.0,4.809523809523809,3.9642857142857144,36.49000030517578,,,,,,,cuda,ppo_lstm_seed88,potential_added,1
30,94230,-0.008280872163595632,144.7647190093994,0.11129834596067667,0.007342407210671809,38.93500043869019,0.0,0.0,4.5,4.018867924528302,38.93500043869019,,,,,,,cuda,ppo_lstm_seed88,potential_added,1
31,97371,-0.0013926553074270487,137.66028714179993,0.1094976041931659,0.011774713959312066,42.69000072479248,0.0,0.0,4.48,3.5306122448979593,42.69000072479248,,,,,,,cuda,ppo_lstm_seed88,potential_added,1
32,100512,0.010637189378030598,139.461323261261,0.11719625908881426,0.0052381807545316406,33.045000057220456,0.0,0.0,4.888888888888889,4.296296296296297,33.045000057220456,25.370312500000004,0.0,0.0,4.0,4.695652173913044,25.370312500000004,cuda,ppo_lstm_seed88,potential_added,1
33,103653,0.011351994995493442,117.32633006572723,0.1190085334237665,0.02833990115323104,39.9750004196167,0.0,0.0,4.5,3.6382978723404253,39.9750004196167,,,,,,,cuda,ppo_lstm_seed88,potential_added,1
34,106794,0.0054414907936006784,160.93078994750977,0.127026456175372,0.02193768001598073,32.91000012397766,0.0,0.0,4.411764705882353,3.86,32.91000012397766,,,,,,,cuda,ppo_lstm_seed88,potential_added,1
35,109935,0.018659503024537116,151.71360611915588,0.1314654576126486,0.012849212442233693,34.55500020027161,0.0,0.0,5.0,4.0,34.55500020027161,,,,,,,cuda,ppo_lstm_seed88,potential_added,1
36,113076,-0.005162933724932373,135.11570155620575,0.1310372673906386,0.007118553279724438,31.555000133514405,0.0,0.0,4.764705882352941,4.352941176470588,31.555000133514405,,,,,,,cuda,ppo_lstm_seed88,potential_added,1
37,116217,0.005031177424825728,152.83268523216248,0.12740464112721384,0.006715616324072471,31.93000014781952,0.0,0.0,4.8,4.035714285714286,31.93000014781952,,,,,,,cuda,ppo_lstm_seed88,potential_added,1
38,119358,-0.00027509965002536774,123.43446850776672,0.1083192122168839,0.020907952115521766,36.235000104904174,0.0,0.0,4.470588235294118,3.9491525423728815,36.235000104904174,,,,,,,cuda,ppo_lstm_seed88,potential_added,1
39,122499,-0.00024158255837392062,130.01875495910645,0.09968348825350404,0.012804441845219117,32.255000076293946,0.0,0.0,4.6923076923076925,4.220338983050848,32.255000076293946,,,,,,,cuda,ppo_lstm_seed88,potential_added,1
40,125640,-0.005863434984348714,133.57227087020874,0.10171707114204764,0.015177292931184638,35.22000031471252,0.0,0.0,4.6,4.377358490566038,35.22000031471252,,,,,,,cuda,ppo_lstm_seed88,potential_added,1
41,128781,-0.003826345462584868,139.1065731048584,0.09778204630129039,0.007073782493534964,35.355000348091124,0.0,0.0,4.857142857142857,3.9215686274509802,35.355000348091124,,,,,,,cuda,ppo_lstm_seed88,potential_added,1
42,131922,-0.0026805057676391186,121.39170336723328,0.1044867280870676,0.0053724930658063386,35.96000028610229,0.0,0.0,4.8125,4.0,35.96000028610229,,,,,,,cuda,ppo_lstm_seed88,potential_added,1
43,135063,0.02255255717318505,746.1668016910553,0.10043636965565383,0.006402220911695622,30.935000076293946,0.0,0.0,4.7272727272727275,3.875,30.935000076293946,,,,,,,cuda,ppo_lstm_seed88,potential_added,1
44,138204,-0.0035128629533573985,865.0248081684113,0.10339191625826061,0.01172994318039855,35.06000016212463,0.05,0.0,4.684210526315789,3.5964912280701755,20.06000016212463,,,,,,,cuda,ppo_lstm_seed88,potential_added,1
45,141345,-0.0003858817945001647,1107.348332285881,0.0994321471080184,0.009670487521361792,27.064999914169313,0.13043478260869565,0.0,4.6,4.04,-12.065434868439382,,,,,,,cuda,ppo_lstm_seed88,potential_added,1
46,144486,-0.02551223977934569,1467.463452577591,0.13666858756914735,0.022922637152078096,27.35499985694885,0.10526315789473684,0.0,5.117647058823529,3.372549019607843,-4.2239475114722005,,,,,,,cuda,ppo_lstm_seed88,potential_added,1
47,147627,0.01997160217979399,1226.855101108551,0.1585118246730417,0.02014684897585539,26.51500001102686,0.1111111111111111,0.0,4.4375,4.03921568627451,-6.818333322306469,,,,,,,cuda,ppo_lstm_seed88,potential_added,1
48,150768,-0.004133003643801203,705.3646138906479,0.12902459199540317,0.02547457133186981,28.554999831914902,0.05263157894736842,0.0,5.0,4.464285714285714,12.765526147704376,13.3,0.3333333333333333,0.0,3.75,4.521739130434782,-86.7,cuda,ppo_lstm_seed88,potential_added,1
49,153909,-0.006439443750423379,1337.2978520393372,0.14498760853894055,0.022564470913494006,22.37499960422516,0.13043478260869565,0.0,5.55,4.2,-16.755435178383536,,,,,,,cuda,ppo_lstm_seed88,potential_added,1
50,157050,0.003092339029535651,1254.7550067901611,0.1578658358193934,0.02959348254080396,18.564999642372133,0.2222222222222222,0.0,4.714285714285714,3.923076923076923,-48.10166702429453,,,,,,,cuda,ppo_lstm_seed88,potential_added,1
51,160191,-0.006829852645751089,2162.3423919677734,0.18433756660670042,0.0434276522428263,0.10499995231628417,0.35714285714285715,0.0,4.5,3.96,-107.03785719054085,,,,,,,cuda,ppo_lstm_seed88,potential_added,1
52,163332,0.010939920815872028,2714.2443866729736,0.21030707750469446,0.05256089049362345,-1.0500006246566773,0.375,0.0,5.133333333333334,3.92,-113.55000062465668,,,,,,,cuda,ppo_lstm_seed88,potential_added,1
53,166473,0.009725081035867333,2504.617568731308,0.2307001193985343,0.0305336689852993,-5.6050008308887485,0.32,0.0,5.882352941176471,4.923076923076923,-101.60500083088874,,,,,,,cuda,ppo_lstm_seed88,potential_added,1
54,169614,0.005119619105244055,2776.852686405182,0.22574327513575554,0.016744270011258777,-4.515000822544098,0.4375,0.0,4.222222222222222,5.0,-135.7650008225441,,,,,,,cuda,ppo_lstm_seed88,potential_added,1
55,172755,0.001917033233667098,2754.0299010276794,0.22965593868866563,0.02753402676898986,-5.610000789165497,0.47058823529411764,0.0,4.555555555555555,4.785714285714286,-146.7864713774008,,,,,,,cuda,ppo_lstm_seed88,potential_added,1
56,175896,0.016959682339802384,3445.9071159362793,0.24315789667889476,0.03304083234252175,-4.75500092625618,0.5,0.0,5.625,4.5636363636363635,-154.75500092625617,,,,,,,cuda,ppo_lstm_seed88,potential_added,1
57,179037,0.01010585061430902,2639.568359375,0.24766113748773932,0.02023639057733817,4.689999239444733,0.35294117647058826,0.0,6.090909090909091,3.8363636363636364,-101.19235370173175,,,,,,,cuda,ppo_lstm_seed88,potential_added,1
58,182178,0.0014395353791769594,3666.999762535095,0.26196310902014375,0.022251075315580238,-10.955000867843628,0.45,0.0,4.818181818181818,4.42,-145.95500086784364,,,,,,,cuda,ppo_lstm_seed88,potential_added,1
59,185319,0.007618486299179494,3496.2275643348694,0.2501987158320844,0.01898280897148652,-15.7400011408329,0.4583333333333333,0.0,4.615384615384615,4.816326530612245,-153.2400011408329,,,,,,,cuda,ppo_lstm_seed88,potential_added,1
60,188460,0.015516113606281579,3915.196449279785,0.28051310731098056,0.043472422898048535,-12.830001065731048,0.5625,0.0,5.142857142857143,4.647058823529412,-181.58000106573104,,,,,,,cuda,ppo_lstm_seed88,potential_added,1
61,191601,-0.004042378983655226,3998.0289878845215,0.2859403481706977,0.0363986405718606,-28.39000138044357,0.5909090909090909,0.0,5.222222222222222,4.857142857142857,-205.66272865317086,,,,,,,cuda,ppo_lstm_seed88,potential_added,1
62,194742,0.007475969960069051,6069.805877685547,0.32477321941405535,0.08121418705559336,-56.480002510547635,0.7777777777777778,0.0,4.666666666666667,5.072727272727272,-289.81333584388096,,,,,,,cuda,ppo_lstm_seed88,potential_added,1
63,197883,-0.010096744808834046,6198.6761684417725,0.3477949760854244,0.024713468010304496,-59.73000160694122,0.782608695652174,0.0,6.0,5.479166666666667,-294.51261030259343,,,,,,,cuda,ppo_lstm_seed88,potential_added,1
64,201024,0.01417277380824089,5994.174461364746,0.3573154667392373,0.02489255138061708,-38.91500154972076,0.875,0.0,7.0,5.417910447761194,-301.4150015497208,-30.715625,1.0,0.0,,5.75,-330.715625,cuda,ppo_lstm_seed88,potential_added,1
65,204165,0.006272842947510071,6176.628021240234,0.34158703219145536,0.031876792330876924,-34.545001561045645,0.6842105263157895,0.0,4.5,5.097560975609756,-239.8081594557825,,,,,,,cuda,ppo_lstm_seed88,full,1
66,207306,-0.0021725791521021165,5846.3265953063965,0.3792736893519759,0.0326378954705433,-49.64500164359808,0.8823529411764706,0.0,7.0,4.833333333333333,-314.3508839965392,,,,,,,cuda,ppo_lstm_seed88,full,1
67,210447,0.015409373430884443,4963.123149871826,0.35444085113704205,0.05484420050197514,-39.17500136435032,0.6666666666666666,0.0,6.0,4.9772727272727275,-239.17500136435032,,,,,,,cuda,ppo_lstm_seed88,full,1
68,213588,-0.0052917478897143155,5660.733497619629,0.3649331070482731,0.0965257926218328,-60.02500133633614,0.6551724137931034,0.0,6.3,4.805555555555555,-256.57672547426716,,,,,,,cuda,ppo_lstm_seed88,full,1
69,216729,0.0011387407430447638,5479.777633666992,0.3692906079813838,0.04141296737361699,-58.92000135630369,0.6206896551724138,0.0,7.909090909090909,4.368421052631579,-245.12689790802784,,,,,,,cuda,ppo_lstm_seed88,full,1
70,219870,-0.00896297802682966,3574.7170448303223,0.37001586239784956,0.07002149315667339,-31.54000092983246,0.5,0.021739130434782608,6.818181818181818,4.53125,-182.62695745157157,,,,,,,cuda,ppo_lstm_seed88,full,1
71,223011,0.004392470931634307,2554.5786266326904,0.3926710281521082,0.05842586223297985,-15.054999964237213,0.14285714285714285,0.0,7.875,4.909090909090909,-57.912142821380066,,,,,,,cuda,ppo_lstm_seed88,full,1
72,226152,0.0625505811185576,966.6144504547119,0.3390730833634734,0.14178904477739707,7.12000009894371,0.038461538461538464,0.0,6.92,4.444444444444445,-4.418461439517828,,,,,,,cuda,ppo_lstm_seed88,full,1
73,229293,0.021145393955521286,1514.120677947998,0.33168862480670214,0.06129119160323171,9.009999893903732,0.11538461538461539,0.0,6.521739130434782,4.612244897959184,-25.60538472148089,,,,,,,cuda,ppo_lstm_seed88,full,1
74,232434,0.023978158948011696,2471.1459350585938,0.30992429284378886,0.08555695225368254,-12.860000088214875,0.38461538461538464,0.030303030303030304,5.5,4.2926829268292686,-129.75976698798178,,,,,,,cuda,ppo_lstm_seed88,full,1
75,235575,0.033039732225006446,807.4050397872925,0.31533986888825893,0.07131984533043578,12.474999941587448,0.03333333333333333,0.0,6.517241379310345,4.487804878048781,2.4749999415874484,,,,,,,cuda,ppo_lstm_seed88,full,1
76,238716,0.004386459142551757,1253.0413031578064,0.2878361917100847,0.09245165130414534,9.859999650716782,0.125,0.0,5.714285714285714,4.818181818181818,-27.64000034928322,,,,,,,cuda,ppo_lstm_seed88,full,1
77,241857,-7.031344284769148e-05,1456.0717000961304,0.2699614129960537,0.04338288153667236,16.275000240802765,0.15789473684210525,0.0,5.3125,3.857142857142857,-31.09342081182881,,,,,,,cuda,ppo_lstm_seed88,full,1
78,244998,0.014387952413017047,626.6702108383179,0.2694207485765219,0.07405086259677773,22.375000245571137,0.038461538461538464,0.0,5.44,4.333333333333333,10.836538707109598,,,,,,,cuda,ppo_lstm_seed88,full,1
79,248139,-0.00838789454428479,1316.9329628944397,0.2619539028964937,0.03290651991846971,18.51000013232231,0.10344827586206896,0.0,5.3076923076923075,4.0,-12.52448262629838,,,,,,,cuda,ppo_lstm_seed88,full,1
80,251280,-0.002593205193988979,1013.335301399231,0.2733950228430331,0.03048889806814259,19.075000216960905,0.08695652173913043,0.0,5.809523809523809,4.183673469387755,-7.011956304778224,21.518750000000004,0.0,0.0,4.666666666666667,4.565217391304348,21.518750000000004,cuda,ppo_lstm_seed88,full,1
81,254421,0.017622758430661634,220.52240324020386,0.22502835094928741,0.04768087610864313,29.94500024467707,0.0,0.0,5.3478260869565215,3.4761904761904763,29.94500024467707,,,,,,,cuda,ppo_lstm_seed88,full,1
82,257562,0.05095584658556618,1642.9609713554382,0.24534563766792417,0.060753943063900806,14.810000022649765,0.17857142857142858,0.0,5.434782608695652,3.4166666666666665,-38.7614285487788,,,,,,,cuda,ppo_lstm_seed88,full,1
83,260703,0.03514968213858083,237.39827489852905,0.2521833274513483,0.04351719388796482,24.410000256299973,0.0,0.0,5.6,4.425,24.410000256299973,,,,,,,cuda,ppo_lstm_seed88,full,1
84,263844,0.0014868637081235647,393.0902338027954,0.22910596057772636,0.035816620438708924,28.680000367164613,0.0,0.0,5.84,4.083333333333333,28.680000367164613,,,,,,,cuda,ppo_lstm_seed88,full,1
85,266985,-0.0003874791436828673,327.58398628234863,0.21878942474722862,0.0431142566667404,28.454999927282334,0.0,0.0,5.35,3.272727272727273,28.454999927282334,,,,,,,cuda,ppo_lstm_seed88,full,1
86,270126,0.003072936204262078,595.7126021385193,0.21944744465872645,0.032951290952041745,23.304999899864196,0.09090909090909091,0.0,5.35,3.6808510638297873,-3.9677273728630773,,,,,,,cuda,ppo_lstm_seed88,full,1
87,273267,-0.0006636120670009404,157.88362193107605,0.18583639664575458,0.020012536777358036,32.31000016570091,0.0,0.0,5.458333333333333,4.155555555555556,32.31000016570091,,,,,,,cuda,ppo_lstm_seed88,full,1
88,276408,0.013927162486652378,379.90936827659607,0.16681111347861588,0.02408667717827484,28.140000133514405,0.041666666666666664,0.0,5.304347826086956,3.8863636363636362,15.640000133514405,,,,,,,cuda,ppo_lstm_seed88,full,1
89,279549,-0.007375480589871586,977.4532132148743,0.17590007185935974,0.03160816742456518,27.045000104904176,0.10344827586206896,0.0,4.576923076923077,3.8157894736842106,-3.9894826537165144,,,,,,,cuda,ppo_lstm_seed88,full,1
90,282690,0.012656472515118367,163.01632356643677,0.17873639706522226,0.0200573075999273,31.444999957084654,0.0,0.0,5.222222222222222,3.963636363636364,31.444999957084654,,,,,,,cuda,ppo_lstm_seed88,full,1
91,285831,0.008143327897414565,333.69174778461456,0.1377517266664654,0.023146490813815035,26.229999841451644,0.058823529411764705,0.0,5.3125,3.7333333333333334,8.58294101792223,,,,,,,cuda,ppo_lstm_seed88,full,1
92,288972,0.009567751112626866,723.484708070755,0.13772207382135093,0.008103510379442014,40.97500057697296,0.0,0.0,5.171428571428572,3.8205128205128207,40.97500057697296,,,,,,,cuda,ppo_lstm_seed88,full,1
93,292113,-0.012723118386929855,560.0541181564331,0.144698973512277,0.012670129428443033,28.510000076293945,0.07407407407407407,0.0,5.16,4.071428571428571,6.287777854071724,,,,,,,cuda,ppo_lstm_seed88,full,1
94,295254,0.007165686503867619,155.95754051208496,0.1392824975773692,0.02108703529665945,31.4150000667572,0.0,0.0,5.25,4.209302325581396,31.4150000667572,,,,,,,cuda,ppo_lstm_seed88,full,1
95,298395,-0.0015945135010042577,191.87444162368774,0.14534157537855208,0.010968839986162493,36.185000343322756,0.0,0.0,5.0,4.024390243902439,36.185000343322756,,,,,,,cuda,ppo_lstm_seed88,full,1
96,301536,-0.00036726315738633275,333.7690501213074,0.11002412438392639,0.005372493033064529,35.985000171661376,0.0,0.0,5.0,4.065217391304348,35.985000171661376,23.870312500000004,0.0,0.0,4.0,4.608695652173913,23.870312500000004,cuda,ppo_lstm_seed88,full,1
97,304677,0.000818829495983664,318.46958470344543,0.11631791573017836,0.007969198064529337,33.90500027656555,0.037037037037037035,0.0,4.8076923076923075,3.7804878048780486,22.79388916545444,,,,,,,cuda,ppo_lstm_seed88,full,1
98,307818,0.006478803290519863,148.07996940612793,0.12087719212286174,0.004790473009052221,32.85000025749206,0.0,0.0,4.722222222222222,4.111111111111111,32.85000025749206,,,,,,,cuda,ppo_lstm_seed88,full,1
99,310959,-0.008539038957678713,424.3740248680115,0.12436988111585379,0.019654370335047133,39.205000686645505,0.02857142857142857,0.0,4.617647058823529,4.184210526315789,30.633572115216936,,,,,,,cuda,ppo_lstm_seed88,full,1
100,314100,-0.006366875577441533,196.7822687625885,0.11464671045541763,0.01813216418668162,40.56500053882599,0.0,0.0,4.678571428571429,3.883720930232558,40.56500053882599,,,,,,,cuda,ppo_lstm_seed88,full,1
101,317241,-0.0012465690779208671,315.5192267894745,0.10603594384156168,0.00582020083675161,42.23000061035156,0.0,0.0,4.566666666666666,3.75,42.23000061035156,,,,,,,cuda,ppo_lstm_seed88,full,1
102,320382,-0.008233646985900123,610.4811174869537,0.12819612305611372,0.016430874668003526,19.029999828338624,0.14285714285714285,0.0,4.611111111111111,4.157894736842105,-23.82714302880423,,,,,,,cuda,ppo_lstm_seed88,full,1
103,323523,0.003127077070530504,175.82578945159912,0.12685535848140717,0.01853510107321199,38.2850004068017,0.0,0.0,5.0,4.0,38.2850004068017,,,,,,,cuda,ppo_lstm_seed88,full,1
104,326664,-0.0031061720874276944,167.27557134628296,0.12184623908251524,0.01195379708224209,37.03000033378601,0.0,0.0,5.142857142857143,3.75,37.03000033378601,,,,,,,cuda,ppo_lstm_seed88,full,1
105,329805,0.005147474817931652,159.67023849487305,0.13940037181600928,0.011819484694569837,34.17500038146973,0.0,0.0,5.2727272727272725,3.5238095238095237,34.17500038146973,,,,,,,cuda,ppo_lstm_seed88,full,1
106,332946,-0.009388121659867465,166.52753329277039,0.12604203633964062,0.018356018008489627,30.79500033378601,0.0,0.0,4.473684210526316,4.217391304347826,30.79500033378601,,,,,,,cuda,ppo_lstm_seed88,full,1
107,336087,-0.005937440961133689,162.5513210296631,0.11969995009712875,0.01199856785387965,31.950000371932983,0.0,0.0,4.75,4.315789473684211,31.950000371932983,,,,,,,cuda,ppo_lstm_seed88,full,1
108,339228,0.001001366283162497,150.6595950126648,0.10107280197553337,0.027354943995305803,35.29500018119812,0.0,0.0,5.1,3.6382978723404253,35.29500018119812,,,,,,,cuda,ppo_lstm_seed88,full,1
109,342369,-6.710985326208174e-05,163.5271828174591,0.09980808151885867,0.007655802641238552,36.22500043869019,0.0,0.0,4.8,3.736842105263158,36.22500043869019,,,,,,,cuda,ppo_lstm_seed88,full,1
110,345510,0.006878594707814045,354.6998941898346,0.10738160577602684,0.013028295681579039,40.55000042915344,0.0,0.0,4.875,4.355555555555555,40.55000042915344,,,,,,,cuda,ppo_lstm_seed88,full,1
111,348651,0.00571245833998546,372.2357621192932,0.10697843274101615,0.010431590766529553,30.51000030517578,0.041666666666666664,0.0,4.782608695652174,4.102564102564102,18.01000030517578,,,,,,,cuda,ppo_lstm_seed88,full,1
112,351792,0.0023490695166401565,135.64599299430847,0.10154743818566203,0.008372135016543325,35.515000076293944,0.0,0.0,5.090909090909091,3.857142857142857,35.515000076293944,25.159375000000004,0.0,0.0,4.0,4.608695652173913,25.159375000000004,cuda,ppo_lstm_seed88,full,1
113,354933,0.0034893364208983257,140.53738355636597,0.10672181565314531,0.004790472998138284,32.43500023841858,0.0,0.0,4.722222222222222,3.9347826086956523,32.43500023841858,,,,,,,cuda,ppo_lstm_seed88,full,1
114,358074,0.00999287507875124,323.87771558761597,0.10669834283180535,0.019833453436149284,33.90500027656555,0.037037037037037035,0.0,4.6923076923076925,4.181818181818182,22.79388916545444,,,,,,,cuda,ppo_lstm_seed88,full,1
115,361215,-0.0011541996209416538,155.8431282043457,0.10087305004708469,0.010252507614495698,33.805000309944155,0.0,0.0,4.611111111111111,3.63265306122449,33.805000309944155,,,,,,,cuda,ppo_lstm_seed88,full,1
116,364356,0.021354290409362875,166.62461280822754,0.12316316552460194,0.02095272317819763,35.14500027179718,0.0,0.0,5.2105263157894735,3.792452830188679,35.14500027179718,,,,,,,cuda,ppo_lstm_seed88,full,1
117,367497,0.0033436542653362267,174.29143857955933,0.10464480775408447,0.017908310277562123,38.950000534057615,0.0,0.0,4.555555555555555,3.8095238095238093,38.950000534057615,,,,,,,cuda,ppo_lstm_seed88,full,1
118,370638,0.006552482314873487,136.54079389572144,0.10981282033026218,0.01123746478697285,35.22500033736229,0.0,0.0,5.25,4.0,35.22500033736229,,,,,,,cuda,ppo_lstm_seed88,full,1
119,373779,0.0035438227641861886,126.13767647743225,0.1091094093862921,0.01061067384580383,31.03000024795532,0.0,0.0,4.142857142857143,3.86046511627907,31.03000024795532,,,,,,,cuda,ppo_lstm_seed88,full,1
120,376920,0.00814318103948608,169.1047055721283,0.11744931573048234,0.0232360326408525,33.780000619888305,0.0,0.0,4.714285714285714,3.5434782608695654,33.780000619888305,,,,,,,cuda,ppo_lstm_seed88,full,1
121,380061,0.009835405442572664,143.21089935302734,0.09471443202346563,0.007611031811393332,36.135000633001326,0.0,0.0,5.04,3.731707317073171,36.135000633001326,,,,,,,cuda,ppo_lstm_seed88,full,1
122,383202,0.0003847740110813902,138.66576480865479,0.09625713643617928,0.002686246512894286,34.51500036239624,0.0,0.0,4.7727272727272725,3.6666666666666665,34.51500036239624,,,,,,,cuda,ppo_lstm_seed88,full,1
123,386343,-0.0035238552081864327,151.76547837257385,0.09304869803600013,0.006760387041140348,40.43500076293945,0.0,0.0,4.608695652173913,3.272727272727273,40.43500076293945,,,,,,,cuda,ppo_lstm_seed88,full,1
124,389484,-0.004138281939958688,180.35424160957336,0.1060398411937058,0.011327006286592223,32.92500039100647,0.0,0.0,4.7368421052631575,4.0,32.92500039100647,,,,,,,cuda,ppo_lstm_seed88,full,1
125,392625,0.0021480394498212263,171.82720637321472,0.09101304016076028,0.0054620346272713505,41.28000059604645,0.0,0.0,4.357142857142857,3.869565217391304,41.28000059604645,,,,,,,cuda,ppo_lstm_seed88,full,1
126,395766,-0.0028866040520370007,338.05398654937744,0.10249400697648525,0.006760387092072051,32.33000029563904,0.041666666666666664,0.0,4.521739130434782,3.9285714285714284,19.83000029563904,,,,,,,cuda,ppo_lstm_seed88,full,1
127,398907,0.00022053941779631714,171.95171689987183,0.1047793310135603,0.009491404372965917,35.94500047683716,0.0,0.0,4.52,3.2222222222222223,35.94500047683716,,,,,,,cuda,ppo_lstm_seed88,full,1
128,402048,-0.0002999354328494519,156.0556938648224,0.0902866197284311,0.005685888503649039,34.6550004196167,0.0,0.0,4.823529411764706,3.5416666666666665,34.6550004196167,24.659375000000004,0.0,0.0,4.0,4.478260869565218,24.659375000000004,cuda,ppo_lstm_seed88,full,1
129,405189,0.0030730736907571554,153.22460389137268,0.08484907681122422,0.003536891264957376,38.20500046253204,0.0,0.0,4.88,3.857142857142857,38.20500046253204,,,,,,,cuda,ppo_lstm_seed88,full,1
130,408330,0.0011144905292894691,135.9228471517563,0.07575299392919987,0.0077453441263060085,43.600000839233395,0.0,0.0,4.433333333333334,3.4878048780487805,43.600000839233395,,,,,,,cuda,ppo_lstm_seed88,full,1
131,411471,-0.0032794716680655256,296.080050945282,0.08542526047676802,0.010744986138888635,32.94500025749207,0.03571428571428571,0.0,5.148148148148148,4.238095238095238,22.230714543206354,,,,,,,cuda,ppo_lstm_seed88,full,1
132,414612,0.009767106472281739,152.12351989746094,0.08819966623559594,0.010879298431973439,36.610000419616696,0.0,0.0,4.409090909090909,3.488372093023256,36.610000419616696,,,,,,,cuda,ppo_lstm_seed88,full,1
133,417753,-0.00504000298678875,170.33383774757385,0.07291702786460519,0.005775430036010221,40.82000069618225,0.0,0.0,4.75,3.4,40.82000069618225,,,,,,,cuda,ppo_lstm_seed88,full,1
134,420894,0.004136915958952159,170.19414687156677,0.09189438191242516,0.010476361476321472,40.14500076293945,0.0,0.0,4.793103448275862,3.761904761904762,40.14500076293945,,,,,,,cuda,ppo_lstm_seed88,full,1
135,424035,0.004499284943449311,337.23021817207336,0.09180768928490579,0.0047009314730530605,35.375000381469725,0.03571428571428571,0.0,4.703703703703703,4.214285714285714,24.66071466718401,,,,,,,cuda,ppo_lstm_seed88,full,1
136,427176,0.0029353938880376518,159.76313972473145,0.10572286508977413,0.011595630916417576,31.165000281333924,0.0,0.0,4.809523809523809,4.363636363636363,31.165000281333924,,,,,,,cuda,ppo_lstm_seed88,full,1
137,430317,0.010195936483796686,138.2041277885437,0.0766869941726327,0.02887715021643089,39.1350006198883,0.0,0.0,4.8076923076923075,3.6744186046511627,39.1350006198883,,,,,,,cuda,ppo_lstm_seed88,full,1
138,433458,-0.000508986267959699,138.2014124393463,0.07380467362236232,0.014013252839504275,38.99000072479248,0.0,0.0,4.576923076923077,3.5,38.99000072479248,,,,,,,cuda,ppo_lstm_seed88,full,1
139,436599,-0.0010745801446319092,156.00026440620422,0.07898204994853586,0.007431948739395011,41.630000848770145,0.0,0.0,4.62962962962963,3.727272727272727,41.630000848770145,,,,,,,cuda,ppo_lstm_seed88,full,1
140,439740,-0.006770973210223019,126.91370177268982,0.07329897221643478,0.006044054676749511,38.99500082015991,0.0,0.0,4.7,3.311111111111111,38.99500082015991,,,,,,,cuda,ppo_lstm_seed88,full,1
141,442881,0.0022443259658757597,157.10621047019958,0.08129373157862574,0.008193051937269047,37.530000581741334,0.0,0.0,4.791666666666667,3.7555555555555555,37.530000581741334,,,,,,,cuda,ppo_lstm_seed88,full,1
142,446022,0.002993152455019299,174.56903743743896,0.0836393591016531,0.009580946025380399,32.99000042438507,0.0,0.0,4.473684210526316,3.951219512195122,32.99000042438507,,,,,,,cuda,ppo_lstm_seed88,full,1
143,449163,-0.005797198111395119,160.12336325645447,0.0801542307017371,0.007431948710291181,41.80000070571899,0.0,0.0,4.592592592592593,3.4565217391304346,41.80000070571899,,,,,,,cuda,ppo_lstm_seed88,full,1
144,452304,0.014910391946614254,156.20839142799377,0.08418761182110757,0.015714542154455557,38.47000077605247,0.0,0.0,5.037037037037037,3.1944444444444446,38.47000077605247,24.143750000000004,0.0,0.0,4.0,4.565217391304348,24.143750000000004,cuda,ppo_lstm_seed88,full,1
145,455445,-0.00014263774210121483,139.03541707992554,0.07852914766408503,0.005103868399601197,36.23000056266785,0.0,0.0,4.578947368421052,3.8125,36.23000056266785,,,,,,,cuda,ppo_lstm_seed88,full,1
146,458586,0.005407442455179989,136.71692633628845,0.0821806495077908,0.004029369829368079,36.06000043869019,0.0,0.0,4.826086956521739,3.9545454545454546,36.06000043869019,,,,,,,cuda,ppo_lstm_seed88,full,1
147,461727,0.0012440865684766322,142.4799234867096,0.09446094068698585,0.007700573441979941,35.70500062942505,0.0,0.0,4.68,4.026315789473684,35.70500062942505,,,,,,,cuda,ppo_lstm_seed88,full,1
148,464868,-0.0013296472316142172,158.29324316978455,0.0942929144948721,0.006044054658559617,40.565000734329224,0.0,0.0,4.714285714285714,3.86046511627907,40.565000734329224,,,,,,,cuda,ppo_lstm_seed88,full,1
149,468009,0.0003782637504627928,142.13638401031494,0.07865392079111189,0.006581303983693942,41.82500066757202,0.0,0.0,4.535714285714286,3.9782608695652173,41.82500066757202,,,,,,,cuda,ppo_lstm_seed88,full,1
150,471150,-0.004407194419400184,115.59771060943604,0.07753114809747785,0.0021937679921393283,35.62500034332275,0.0,0.0,4.590909090909091,4.282608695652174,35.62500034332275,,,,,,,cuda,ppo_lstm_seed88,full,1
151,474291,-0.003218338606529869,124.48235321044922,0.07681749202311039,0.003178725062753074,32.32000033378601,0.0,0.0,4.777777777777778,3.707317073170732,32.32000033378601,,,,,,,cuda,ppo_lstm_seed88,full,1
152,477432,0.00361892631930516,126.58295834064484,0.08333021006546915,0.011237464619625825,39.02000065803528,0.0,0.0,4.565217391304348,3.739130434782609,39.02000065803528,,,,,,,cuda,ppo_lstm_seed88,full,1
153,480573,-0.0010577638167887926,127.30398058891296,0.0855491270776838,0.004924785320326919,35.64000047683716,0.0,0.0,4.809523809523809,3.891304347826087,35.64000047683716,,,,,,,cuda,ppo_lstm_seed88,full,1
154,483714,0.0033057098044082522,161.3833830356598,0.09810415538959205,0.008640759693662403,34.80000040054321,0.0,0.0,4.695652173913044,3.891304347826087,34.80000040054321,,,,,,,cuda,ppo_lstm_seed88,full,1
155,486855,-0.0002694449940463528,143.30762887001038,0.10804494167678058,0.013610315749247093,29.5500003528595,0.0,0.0,4.777777777777778,3.973684210526316,29.5500003528595,,,,,,,cuda,ppo_lstm_seed88,full,1
156,489996,0.0008168432759703137,138.53995442390442,0.10210687154904008,0.01750537321640877,33.50000029563904,0.0,0.0,4.761904761904762,4.024390243902439,33.50000029563904,,,,,,,cuda,ppo_lstm_seed88,full,1
157,493137,0.0017239331609744113,120.52579927444458,0.0990619205404073,0.005999283937853761,35.87500052452087,0.0,0.0,4.608695652173913,3.7560975609756095,35.87500052452087,,,,,,,cuda,ppo_lstm_seed88,full,1
158,496278,0.0018437428516335785,138.13043761253357,0.10833622817881405,0.006312679335678695,36.19000039577484,0.0,0.0,4.5,3.3777777777777778,36.19000039577484,,,,,,,cuda,ppo_lstm_seed88,full,1
159,499419,-0.006519425005535595,307.9306216239929,0.1112530822865665,0.008640759719128255,29.11500021457672,0.045454545454545456,0.0,5.238095238095238,4.068181818181818,15.478636578213084,,,,,,,cuda,ppo_lstm_seed88,full,1
160,502560,0.0017038415535353124,134.0242805480957,0.11144687747582793,0.010118195234099403,32.525000190734865,0.0,0.0,4.7894736842105265,4.136363636363637,32.525000190734865,24.917187500000004,0.0,0.0,4.0,4.565217391304348,24.917187500000004,cuda,ppo_lstm_seed88,full,1
161,505701,-0.0010618687983878772,154.93404912948608,0.1164426349569112,0.009804799810808618,42.155000767707826,0.0,0.0,4.7,3.1,42.155000767707826,,,,,,,cuda,ppo_lstm_seed88,full,1
162,508842,0.0058225353132002056,136.97805786132812,0.10245612426660955,0.00434276520536514,38.73000060081482,0.0,0.0,4.538461538461538,4.225,38.73000060081482,,,,,,,cuda,ppo_lstm_seed88,full,1
163,511983,0.007364522622083314,122.49798738956451,0.10532327461987734,0.010252507621771656,36.790000467300416,0.0,0.0,4.45,3.7333333333333334,36.790000467300416,,,,,,,cuda,ppo_lstm_seed88,full,1
164,515124,0.0016928266413742676,169.29666709899902,0.1219393857754767,0.023459886375349015,33.4000002861023,0.0,0.0,4.7727272727272725,3.74468085106383,33.4000002861023,,,,,,,cuda,ppo_lstm_seed88,full,1
165,518265,0.007254757802002132,133.6383674144745,0.10023579699918628,0.00846167657073238,36.660000581741336,0.0,0.0,4.904761904761905,3.575,36.660000581741336,,,,,,,cuda,ppo_lstm_seed88,full,1
166,521406,0.0020853571477346122,295.82760548591614,0.10503312386572361,0.030623210346675478,41.81000076293945,0.0,0.0,4.483870967741935,4.052631578947368,41.81000076293945,,,,,,,cuda,ppo_lstm_seed88,full,1
167,524547,0.0003999540931545198,129.93784499168396,0.10564752714708447,0.023862823414674494,33.290000438690186,0.0,0.0,4.730769230769231,4.371428571428571,33.290000438690186,,,,,,,cuda,ppo_lstm_seed88,full,1
168,527688,0.007287163391083595,110.74171996116638,0.10362407588399947,0.028563754924107343,38.150000448226926,0.0,0.0,4.695652173913044,3.8297872340425534,38.150000448226926,,,,,,,cuda,ppo_lstm_seed88,full,1
169,530829,-0.00388139505230356,118.22354483604431,0.10507498681545258,0.008193051980924793,35.39000046253204,0.0,0.0,4.285714285714286,4.136363636363637,35.39000046253204,,,,,,,cuda,ppo_lstm_seed88,full,1
170,533970,0.0034550766577012837,117.92743349075317,0.10869800136424601,0.017729227169184014,34.69500039100647,0.0,0.0,5.0,3.9361702127659575,34.69500039100647,,,,,,,cuda,ppo_lstm_seed88,full,1
171,537111,-0.0011855433845084917,123.71705293655396,0.11264440347440541,0.004835243729758076,35.65500054359436,0.0,0.0,4.68,4.536585365853658,35.65500054359436,,,,,,,cuda,ppo_lstm_seed88,full,1
172,540252,0.0009660169598646462,119.4159185886383,0.10980733833275735,0.012043338676448911,37.52000067710876,0.0,0.0,4.608695652173913,3.027027027027027,37.52000067710876,,,,,,,cuda,ppo_lstm_seed88,full,1
173,543393,0.00751045223660185,113.15207087993622,0.11197400651872158,0.010118195292307064,39.21500059127808,0.0,0.0,4.318181818181818,3.577777777777778,39.21500059127808,,,,,,,cuda,ppo_lstm_seed88,full,1
174,546534,0.003154204721795395,132.85476660728455,0.10200184001587331,0.005059097631601617,35.39000051498413,0.0,0.0,4.636363636363637,4.0,35.39000051498413,,,,,,,cuda,ppo_lstm_seed88,full,1
175,549675,0.0035155292716808617,128.42298316955566,0.09973559738136828,0.007073782537190709,37.680000658035276,0.0,0.0,4.565217391304348,4.0227272727272725,37.680000658035276,,,,,,,cuda,ppo_lstm_seed88,full,1
176,552816,-0.0036252642166800797,152.5478036403656,0.10236740508116782,0.012088109440810513,40.380000772476194,0.0,0.0,4.75,3.3,40.380000772476194,26.479687500000004,0.0,0.0,3.6666666666666665,4.565217391304348,26.479687500000004,cuda,ppo_lstm_seed88,full,1
177,555957,-0.0029450872680172324,156.85768795013428,0.10467608971521258,0.009491404460277408,35.620000467300414,0.0,0.0,4.5,3.8536585365853657,35.620000467300414,,,,,,,cuda,ppo_lstm_seed88,full,1
178,559098,0.0036611435207305476,131.3344280719757,0.10288209887221456,0.0084169058027328,37.505000700950625,0.0,0.0,4.555555555555555,4.314285714285714,37.505000700950625,,,,,,,cuda,ppo_lstm_seed88,full,1
179,562239,0.007704533752985299,133.57682180404663,0.1070024708751589,0.010386819929408375,36.075000581741335,0.0,0.0,4.75,3.951219512195122,36.075000581741335,,,,,,,cuda,ppo_lstm_seed88,full,1
180,565380,0.009356918162666261,137.9913158416748,0.10241503734141588,0.013923711216193624,34.905000443458555,0.0,0.0,4.526315789473684,4.090909090909091,34.905000443458555,,,,,,,cuda,ppo_lstm_seed88,full,1
181,568521,0.005160292086657137,122.06853866577148,0.08066076855175197,0.01204333858913742,38.96000065803528,0.0,0.0,4.5,4.594594594594595,38.96000065803528,,,,,,,cuda,ppo_lstm_seed88,full,1
182,571662,0.0024518143313798646,149.31871843338013,0.0883498985785991,0.014640043664257973,38.12000059127808,0.0,0.0,4.173913043478261,3.6904761904761907,38.12000059127808,,,,,,,cuda,ppo_lstm_seed88,full,1
183,574803,-0.0038102867256384343,133.7043797969818,0.07988255890086293,0.007700573405600153,37.05500053405762,0.0,0.0,4.565217391304348,3.95,37.05500053405762,,,,,,,cuda,ppo_lstm_seed88,full,1
184,577944,-0.0033784732513595372,135.54616498947144,0.08304831595160067,0.00993911216937704,31.490000257492067,0.0,0.0,5.0,3.893617021276596,31.490000257492067,,,,,,,cuda,ppo_lstm_seed88,full,1
185,581085,-0.010657976963557303,116.58426594734192,0.08957118657417595,0.003984599043178605,34.91000039100647,0.0,0.0,4.5625,3.75,34.91000039100647,,,,,,,cuda,ppo_lstm_seed88,full,1
186,584226,0.0014484314306173474,107.84556114673615,0.07681210315786302,0.009894341383187566,37.26000044345856,0.0,0.0,4.833333333333333,3.56,37.26000044345856,,,,,,,cuda,ppo_lstm_seed88,full,1
187,587367,0.003321843829326099,147.04556226730347,0.08100921334698796,0.01262535872956505,40.67000067710877,0.0,0.0,4.705882352941177,4.057142857142857,40.67000067710877,,,,,,,cuda,ppo_lstm_seed88,full,1
188,590508,0.0018931025406345725,113.24275422096252,0.07724539970513433,0.00693947020045016,34.940000586509704,0.0,0.0,4.7,4.023809523809524,34.940000586509704,,,,,,,cuda,ppo_lstm_seed88,full,1
189,593649,0.010157023800275056,100.34863066673279,0.07769228087272495,0.011416547786211595,32.36000020980835,0.0,0.0,4.6,4.314814814814815,32.36000020980835,,,,,,,cuda,ppo_lstm_seed88,full,1
190,596790,0.0019514186715241522,138.74908542633057,0.07760084001347423,0.008327364244905766,40.35000081062317,0.0,0.0,4.741935483870968,3.864864864864865,40.35000081062317,,,,,,,cuda,ppo_lstm_seed88,full,1
191,599931,-0.006215079104322285,122.432382106781,0.07576510775834322,0.011416547735279892,39.31500069618225,0.0,0.0,4.7,4.205882352941177,39.31500069618225,,,,,,,cuda,ppo_lstm_seed88,full,1
192,603072,0.0018766503199003637,100.51058089733124,0.06507440831046551,0.00416368210062501,36.495000705718994,0.0,0.0,4.913043478260869,3.925,36.495000705718994,25.393750000000004,0.0,0.0,4.0,4.565217391304348,25.393750000000004,cuda,ppo_lstm_seed88,full,1
193,606213,0.0027227869140915573,99.89169692993164,0.07156153686810285,0.006715616269502789,33.890000410079956,0.0,0.0,4.777777777777778,3.8181818181818183,33.890000410079956,,,,,,,cuda,ppo_lstm_seed88,full,1
194,609354,-0.00028890894827782176,291.66568660736084,0.074037418467924,0.010879298504733015,31.35000024795532,0.05,0.0,4.421052631578948,3.9130434782608696,16.35000024795532,,,,,,,cuda,ppo_lstm_seed88,full,1
195,612495,-0.0021743815050285775,108.7681325674057,0.06934527622070163,0.011416547822591383,37.31500040054321,0.0,0.0,4.2631578947368425,3.760869565217391,37.31500040054321,,,,,,,cuda,ppo_lstm_seed88,full,1
196,615636,0.0027276688488200307,133.97499871253967,0.05827490973751992,0.008372135089302901,39.9150005531311,0.0,0.0,4.666666666666667,4.04,39.9150005531311,,,,,,,cuda,ppo_lstm_seed88,full,1
197,618777,-0.005457303661387414,115.57787764072418,0.059987887856550515,0.011819484825537074,39.46000071525574,0.0,0.0,4.541666666666667,3.9069767441860463,39.46000071525574,,,,,,,cuda,ppo_lstm_seed88,full,1
198,621918,-0.0005728607229684712,144.16574144363403,0.06892605486791581,0.01190902622329304,42.95500084877014,0.0,0.0,4.551724137931035,3.7209302325581395,42.95500084877014,,,,,,,cuda,ppo_lstm_seed88,full,1
199,625059,0.005933425825787708,121.417693734169,0.05924656754359603,0.006626074748055544,41.155000705719,0.0,0.0,4.606060606060606,4.193548387096774,41.155000705719,,,,,,,cuda,ppo_lstm_seed88,full,1
200,628200,-0.00397322067146888,139.9289276599884,0.058323246659711,0.008551218117645476,38.870000705718994,0.0,0.0,4.6923076923076925,4.0,38.870000705718994,,,,,,,cuda,ppo_lstm_seed88,full,1
201,631341,-0.000898694503121078,132.4989471435547,0.057445495505817235,0.007252865627378924,39.84500056266785,0.0,0.0,4.68,4.021739130434782,39.84500056266785,,,,,,,cuda,ppo_lstm_seed88,full,1
202,634482,-0.0040418755961582065,105.90342736244202,0.06818235653918236,0.0038055159639043268,38.810000562667845,0.0,0.0,4.653846153846154,4.340909090909091,38.810000562667845,,,,,,,cuda,ppo_lstm_seed88,full,1
203,637623,0.003619270595663693,119.13754343986511,0.0673206647625193,0.01410279433184769,37.49000064849854,0.0,0.0,4.695652173913044,3.825,37.49000064849854,,,,,,,cuda,ppo_lstm_seed88,full,1
204,640764,0.000743679644074291,131.39486122131348,0.06354670121800154,0.0044323067559162155,34.60500063896179,0.0,0.0,4.809523809523809,3.5405405405405403,34.60500063896179,,,,,,,cuda,ppo_lstm_seed88,full,1
205,643905,4.414989962242544e-05,115.9579906463623,0.06407495657913387,0.006357450169161893,40.61000065326691,0.0,0.0,4.931034482758621,4.088888888888889,40.61000065326691,,,,,,,cuda,ppo_lstm_seed88,full,1
206,647046,0.0011979911978414748,157.64780139923096,0.07104619510937482,0.019833453596220352,36.79500047683716,0.0,0.0,4.64,3.641025641025641,36.79500047683716,,,,,,,cuda,ppo_lstm_seed88,full,1
207,650187,0.006694099894957617,123.42695331573486,0.06089310860261321,0.00796919808635721,40.0700005531311,0.0,0.0,4.583333333333333,3.6875,40.0700005531311,26.159375000000004,0.0,0.0,4.0,4.565217391304348,26.159375000000004,cuda,ppo_lstm_seed88,full,1
208,653328,0.002074247115160688,129.3851339817047,0.06439062871504575,0.0106106738167,44.310000858306886,0.0,0.0,4.628571428571429,4.170731707317073,44.310000858306886,,,,,,,cuda,ppo_lstm_seed88,full,1
209,656469,6.628187838941813e-05,130.5679452419281,0.06840629945509136,0.006178367024403997,33.75000044822693,0.0,0.0,4.5,3.9302325581395348,33.75000044822693,,,,,,,cuda,ppo_lstm_seed88,full,1
210,659610,0.005127501703100279,108.27039551734924,0.06487791344989091,0.022833095470559783,41.13000070571899,0.0,0.0,4.655172413793103,3.8421052631578947,41.13000070571899,,,,,,,cuda,ppo_lstm_seed88,full,1
211,662751,0.004327797956648283,117.92685866355896,0.07439964020159096,0.004566619114484638,40.23000081062317,0.0,0.0,4.15,3.183673469387755,40.23000081062317,,,,,,,cuda,ppo_lstm_seed88,full,1
212,665892,0.0046852241503074765,127.73109912872314,0.07255376572720706,0.0035816620584228076,38.40000065803528,0.0,0.0,4.6521739130434785,3.3777777777777778,38.40000065803528,,,,,,,cuda,ppo_lstm_seed88,full,1
213,669033,-0.002968817061628215,137.13870525360107,0.07670459419023246,0.007208094837551471,37.33000069618225,0.0,0.0,4.576923076923077,3.6176470588235294,37.33000069618225,,,,,,,cuda,ppo_lstm_seed88,full,1
214,672174,0.0028262252162676305,136.52615082263947,0.08116840035654604,0.009043696656590328,34.655000324249265,0.0,0.0,4.761904761904762,4.25531914893617,34.655000324249265,,,,,,,cuda,ppo_lstm_seed88,full,1
215,675315,0.0027775265043601394,150.20649981498718,0.08130725275259465,0.011819484818261117,37.84500063896179,0.0,0.0,4.724137931034483,4.131578947368421,37.84500063896179,,,,,,,cuda,ppo_lstm_seed88,full,1
216,678456,0.004985187006241176,142.56835103034973,0.07192302565090358,0.008013968814339023,40.62500051498413,0.0,0.0,4.423076923076923,3.619047619047619,40.62500051498413,,,,,,,cuda,ppo_lstm_seed88,full,1
217,681597,-0.00542972979019396,122.32340121269226,0.07270552474074066,0.01732629014441045,41.990000801086424,0.0,0.0,4.5,3.75,41.990000801086424,,,,,,,cuda,ppo_lstm_seed88,full,1
218,684738,0.005053641998529201,124.30318808555603,0.06673790607601404,0.004656160625017947,38.43500066757202,0.0,0.0,4.769230769230769,3.775,38.43500066757202,,,,,,,cuda,ppo_lstm_seed88,full,1
219,687879,0.0076871056808158755,130.21842670440674,0.06972111656796187,0.013341691184905358,36.09500052452088,0.0,0.0,4.555555555555555,3.073170731707317,36.09500052452088,,,,,,,cuda,ppo_lstm_seed88,full,1
220,691020,-0.0006169985490487306,139.31816816329956,0.07930926443077624,0.014819126794463955,44.600000915527346,0.0,0.0,4.466666666666667,3.2,44.600000915527346,,,,,,,cuda,ppo_lstm_seed88,full,1
221,694161,0.0026769914911710657,146.04460167884827,0.07928629568777978,0.013476003448886331,38.74000079154968,0.0,0.0,4.588235294117647,3.923076923076923,38.74000079154968,,,,,,,cuda,ppo_lstm_seed88,full,1
222,697302,0.004798940586624667,130.6295108795166,0.08383222087286413,0.01052113222249318,41.79000071525574,0.0,0.0,4.607142857142857,3.7333333333333334,41.79000071525574,,,,,,,cuda,ppo_lstm_seed88,full,1
223,700443,0.003559277829481289,116.36487913131714,0.07825947995297611,0.004745702201034874,38.26500044822693,0.0,0.0,4.454545454545454,3.9411764705882355,38.26500044822693,25.581250000000004,0.0,0.0,4.0,4.565217391304348,25.581250000000004,cuda,ppo_lstm_seed88,full,1
224,703584,-0.0031932388665154576,122.5093035697937,0.07702316378708929,0.01387894030631287,35.2550003528595,0.0,0.0,4.611111111111111,3.875,35.2550003528595,,,,,,,cuda,ppo_lstm_seed88,full,1
225,706725,0.005281446829030756,139.11729192733765,0.07220951863564551,0.008372135038371198,41.17500081062317,0.0,0.0,4.451612903225806,3.891891891891892,41.17500081062317,,,,,,,cuda,ppo_lstm_seed88,full,1
226,709866,-0.001110915676690638,147.1539180278778,0.07308000267948955,0.006223137777851662,41.19500075340271,0.0,0.0,4.444444444444445,3.128205128205128,41.19500075340271,,,,,,,cuda,ppo_lstm_seed88,full,1
227,713007,0.009169124881736934,125.5025486946106,0.07844043674413115,0.011506089322210755,35.16000061988831,0.0,0.0,4.590909090909091,4.048780487804878,35.16000061988831,,,,,,,cuda,ppo_lstm_seed88,full,1
228,716148,0.00033041476854123175,116.59378504753113,0.07400064298417419,0.010968840018904302,36.36000026702881,0.0,0.0,4.55,3.872340425531915,36.36000026702881,,,,,,,cuda,ppo_lstm_seed88,full,1
229,719289,-0.0007517753929278115,112.1967236995697,0.06595505611039698,0.011685172394209076,38.34500062942505,0.0,0.0,4.458333333333333,3.7837837837837838,38.34500062942505,,,,,,,cuda,ppo_lstm_seed88,full,1
230,722430,0.0027142023463966325,155.23721075057983,0.08355924137867987,0.008461676574370358,40.77000067710876,0.0,0.0,4.4,3.477272727272727,40.77000067710876,,,,,,,cuda,ppo_lstm_seed88,full,1
231,725571,0.001959429995622486,117.2251832485199,0.08325306489132345,0.011327006206556689,37.765000648498535,0.0,0.0,4.608695652173913,3.5952380952380953,37.765000648498535,,,,,,,cuda,ppo_lstm_seed88,full,1
232,728712,0.011235036159632728,108.31191945075989,0.07300454587675631,0.009312321293691639,43.445000658035276,0.0,0.0,4.5,3.54,43.445000658035276,,,,,,,cuda,ppo_lstm_seed88,full,1
233,731853,0.010023504524724558,124.03143906593323,0.07486028247512877,0.006312679368420504,36.260000410079954,0.0,0.0,4.545454545454546,4.069767441860465,36.260000410079954,,,,,,,cuda,ppo_lstm_seed88,full,1
234,734994,0.010363368404796347,130.89434957504272,0.08583372656721622,0.015177292887528893,38.305000557899476,0.0,0.0,4.521739130434782,3.4468085106382977,38.305000557899476,,,,,,,cuda,ppo_lstm_seed88,full,1
235,738135,0.0067748923702311,94.43402016162872,0.07784833153709769,0.007655802579392912,37.88000040054321,0.0,0.0,4.444444444444445,3.4313725490196076,37.88000040054321,,,,,,,cuda,ppo_lstm_seed88,full,1
236,741276,0.012555471337691415,140.10292506217957,0.08221570565365255,0.017908310204802547,38.440000476837156,0.0,0.0,4.25,4.086956521739131,38.440000476837156,,,,,,,cuda,ppo_lstm_seed88,full,1
237,744417,0.00139612073689932,147.38016533851624,0.08366550062783062,0.025340259133372456,39.075000343322756,0.0,0.0,4.793103448275862,4.434782608695652,39.075000343322756,,,,,,,cuda,ppo_lstm_seed88,full,1
238,747558,0.01844497815181967,132.95694947242737,0.0770018050679937,0.0304441275075078,36.645000543594364,0.0,0.0,5.0,3.4358974358974357,36.645000543594364,,,,,,,cuda,ppo_lstm_seed88,full,1
239,750699,-0.00043523917156562675,127.26280188560486,0.07217827835120261,0.006133596252766438,38.730000581741336,0.0,0.0,4.576923076923077,4.023809523809524,38.730000581741336,26.300000000000004,0.0,0.0,4.0,4.565217391304348,26.300000000000004,cuda,ppo_lstm_seed88,full,1
240,753840,0.002944854088127613,114.72619962692261,0.05954274511896074,0.009536175122775603,39.94500076293945,0.0,0.0,4.6875,4.303030303030303,39.94500076293945,,,,,,,cuda,ppo_lstm_seed88,full,1
241,756981,-0.0024195380296987423,98.9482045173645,0.06440143065992743,0.0031339543020294514,36.20000063419342,0.0,0.0,5.043478260869565,3.875,36.20000063419342,,,,,,,cuda,ppo_lstm_seed88,full,1
242,760122,0.009078538219910115,162.1317310333252,0.07330305536743253,0.008775072048592847,44.36000104904175,0.0,0.0,4.636363636363637,2.9444444444444446,44.36000104904175,,,,,,,cuda,ppo_lstm_seed88,full,1
243,763263,-0.003477761856629513,150.52419233322144,0.07116587983909994,0.009760029017343186,38.58000066757202,0.0,0.0,4.793103448275862,3.7142857142857144,38.58000066757202,,,,,,,cuda,ppo_lstm_seed88,full,1
244,766404,0.0036759682807314675,139.04486799240112,0.06702878326177597,0.006849928628071211,39.41500066161156,0.0,0.0,4.5,3.7142857142857144,39.41500066161156,,,,,,,cuda,ppo_lstm_seed88,full,1
245,769545,-0.002506557764718309,134.07967805862427,0.07645875599700958,0.007924427321995609,36.89500064849854,0.0,0.0,4.6,3.388888888888889,36.89500064849854,,,,,,,cuda,ppo_lstm_seed88,full,1
246,772686,0.00518400693545118,124.41082286834717,0.07514572120271623,0.014998209866462275,36.33000057220459,0.0,0.0,4.884615384615385,3.948717948717949,36.33000057220459,,,,,,,cuda,ppo_lstm_seed88,full,1
247,775827,0.007666687814889883,144.41095435619354,0.0736356689594686,0.0121776509549818,37.99500081062317,0.0,0.0,4.592592592592593,3.789473684210526,37.99500081062317,,,,,,,cuda,ppo_lstm_seed88,full,1
248,778968,-0.007973630583364866,118.26902914047241,0.061897853505797684,0.006626074740779586,40.13000069618225,0.0,0.0,4.571428571428571,3.8378378378378377,40.13000069618225,,,,,,,cuda,ppo_lstm_seed88,full,1
249,782109,-0.0013148903235560283,105.15740287303925,0.05823560431599617,0.006894699487020262,37.11000046253204,0.0,0.0,4.608695652173913,4.276595744680851,37.11000046253204,,,,,,,cuda,ppo_lstm_seed88,full,1
250,785250,0.01181778333557304,95.03881537914276,0.06647590454667807,0.014684814334032126,34.5950006198883,0.0,0.0,4.863636363636363,3.5675675675675675,34.5950006198883,,,,,,,cuda,ppo_lstm_seed88,full,1
251,788391,-5.787206464447081e-05,114.49190139770508,0.0655824487330392,0.008013968879822642,40.690000686645504,0.0,0.0,4.636363636363637,3.4901960784313726,40.690000686645504,,,,,,,cuda,ppo_lstm_seed88,full,1
252,791532,-0.003361967195814941,116.87471461296082,0.06939949200022966,0.004297994411899708,35.040000419616696,0.0,0.0,4.523809523809524,3.9347826086956523,35.040000419616696,,,,,,,cuda,ppo_lstm_seed88,full,1
253,794673,-0.0029234909743536264,109.72129333019257,0.05443668435327709,0.0018356018008489627,40.905000718832014,0.0,0.0,4.655172413793103,4.0,40.905000718832014,,,,,,,cuda,ppo_lstm_seed88,full,1
254,797814,0.008391904971631448,130.72249913215637,0.05991859408095479,0.014863897500617895,40.530000581741334,0.0,0.0,4.6923076923076925,3.608695652173913,40.530000581741334,,,,,,,cuda,ppo_lstm_seed88,full,1
255,800955,0.010889433740885579,118.66760444641113,0.06042594730388373,0.004029369752970524,39.00500065803528,0.0,0.0,4.625,3.847826086956522,39.00500065803528,24.901562500000004,0.0,0.0,4.0,4.565217391304348,24.901562500000004,cuda,ppo_lstm_seed88,full,1
256,804096,-0.0121000069193542,120.77087092399597,0.06182106269989163,0.0030891835122019984,41.76500095367432,0.0,0.0,4.833333333333333,3.260869565217391,41.76500095367432,,,,,,,cuda,ppo_lstm_seed88,full,1
257,807237,-0.0019680790865095332,114.1467034816742,0.057317102095112205,0.0034025789427687414,37.125000677108766,0.0,0.0,4.636363636363637,3.725,37.125000677108766,,,,,,,cuda,ppo_lstm_seed88,full,1
258,810378,0.00012777564688803977,137.25292134284973,0.07189967448357493,0.0161622500163503,40.01500081062317,0.0,0.0,4.625,3.6333333333333333,40.01500081062317,,,,,,,cuda,ppo_lstm_seed88,full,1
259,813519,-0.003134096143980969,118.32666206359863,0.06044736912008375,0.009043696638400434,31.895000219345093,0.0,0.0,4.625,4.043478260869565,31.895000219345093,,,,,,,cuda,ppo_lstm_seed88,full,1
260,816660,0.009488250674621668,117.39684987068176,0.055228425655514,0.010297278371581342,35.40000054359436,0.0,0.0,4.55,3.769230769230769,35.40000054359436,,,,,,,cuda,ppo_lstm_seed88,full,1
261,819801,-0.0023530956241302192,122.67544376850128,0.062236397759988904,0.004342765190813225,36.77500053882599,0.0,0.0,4.608695652173913,3.8444444444444446,36.77500053882599,,,,,,,cuda,ppo_lstm_seed88,full,1
262,822942,-0.002404780752840452,131.9551603794098,0.062133908621035516,0.0058649715792853385,35.94500060081482,0.0,0.0,4.571428571428571,3.857142857142857,35.94500060081482,,,,,,,cuda,ppo_lstm_seed88,full,1
263,826083,0.0026769453106680885,114.26164484024048,0.0647026764927432,0.011506089394970331,40.005000700950625,0.0,0.0,4.6,3.5348837209302326,40.005000700950625,,,,,,,cuda,ppo_lstm_seed88,full,1
264,829224,0.0037595097383018583,107.2853786945343,0.06347343325614929,0.004700931447587209,39.01000064849853,0.0,0.0,4.76,3.7209302325581395,39.01000064849853,,,,,,,cuda,ppo_lstm_seed88,full,1
265,832365,0.003935241053113714,138.33012533187866,0.06481643707957119,0.005506805384356994,44.750000915527345,0.0,0.0,4.16,2.9361702127659575,44.750000915527345,,,,,,,cuda,ppo_lstm_seed88,full,1
266,835506,-0.002660750033101067,143.0457673072815,0.06307177525013685,0.001925143355038017,39.695000658035276,0.0,0.0,4.68,3.391304347826087,39.695000658035276,,,,,,,cuda,ppo_lstm_seed88,full,1
267,838647,-0.0018393382197245955,126.71324944496155,0.04900219093542546,0.004432306799571961,47.390001125335694,0.0,0.0,4.4411764705882355,3.45,47.390001125335694,,,,,,,cuda,ppo_lstm_seed88,full,1
268,841788,-0.0002630369272083044,141.937273979187,0.06090705515816808,0.003895057463523699,38.7650007724762,0.0,0.0,4.681818181818182,3.2653061224489797,38.7650007724762,,,,,,,cuda,ppo_lstm_seed88,full,1
269,844929,-0.0011740256450138986,123.45163226127625,0.058569286367855966,0.006133596238214523,41.36000084400177,0.0,0.0,4.37037037037037,3.5365853658536586,41.36000084400177,,,,,,,cuda,ppo_lstm_seed88,full,1
270,848070,0.0025340532847621944,140.33568215370178,0.0672746580094099,0.004790472936292645,42.910000829696656,0.0,0.0,4.275862068965517,3.8333333333333335,42.910000829696656,,,,,,,cuda,ppo_lstm_seed88,full,1
271,851211,-0.002420523644104833,136.01090216636658,0.06850557879079133,0.010521132287976798,40.590000534057616,0.0,0.0,4.7368421052631575,3.491228070175439,40.590000534057616,24.932812500000004,0.0,0.0,4.0,4.565217391304348,24.932812500000004,cuda,ppo_lstm_seed88,full,1
272,854352,0.0006286116731644142,114.18044590950012,0.06722814752720296,0.009133238221693318,33.07000057220459,0.0,0.0,4.8,3.2093023255813953,33.07000057220459,,,,,,,cuda,ppo_lstm_seed88,full,1
273,857493,-0.004293086640245747,125.0863447189331,0.06927584018558264,0.004432306763192173,40.57000072479248,0.0,0.0,4.607142857142857,3.5384615384615383,40.57000072479248,,,,,,,cuda,ppo_lstm_seed88,full,1
274,860634,0.0017257228537346236,98.46689438819885,0.056296663358807564,0.009580945996276569,44.28500087738037,0.0,0.0,4.551724137931035,3.441860465116279,44.28500087738037,,,,,,,cuda,ppo_lstm_seed88,full,1
275,863775,-0.002151193461031653,114.49277150630951,0.06522262340877205,0.011595630778174382,40.12000058174133,0.0,0.0,4.380952380952381,3.7735849056603774,40.12000058174133,,,,,,,cuda,ppo_lstm_seed88,full,1
276,866916,0.0016520500685146544,109.97763228416443,0.054893037653528154,0.01186425554624293,36.25000052452087,0.0,0.0,4.7,3.8666666666666667,36.25000052452087,,,,,,,cuda,ppo_lstm_seed88,full,1
277,870057,0.0012700085499091074,122.59450590610504,0.07250816992018372,0.009088467362744268,35.87500061511994,0.0,0.0,4.8076923076923075,3.9714285714285715,35.87500061511994,,,,,,,cuda,ppo_lstm_seed88,full,1
278,873198,0.007912348917670897,152.35937452316284,0.06449228501878679,0.011998567897535395,41.5050008392334,0.0,0.0,4.566666666666666,3.4722222222222223,41.5050008392334,,,,,,,cuda,ppo_lstm_seed88,full,1
279,876339,0.004246068012434989,113.45953059196472,0.05405616376083344,0.007521490253566299,33.9750004196167,0.0,0.0,5.0588235294117645,3.6808510638297873,33.9750004196167,,,,,,,cuda,ppo_lstm_seed88,full,1
280,879480,-0.0019708447362063453,131.40248489379883,0.05566498602274805,0.003447349736234173,38.65500073432922,0.0,0.0,4.583333333333333,3.1,38.65500073432922,,,,,,,cuda,ppo_lstm_seed88,full,1
281,882621,-2.8375176043482497e-05,99.83966195583344,0.050319463247433305,0.0033578081565792672,36.420000562667845,0.0,0.0,4.458333333333333,4.05,36.420000562667845,,,,,,,cuda,ppo_lstm_seed88,full,1
282,885762,0.0052840166026726365,121.79501605033875,0.05952994339168072,0.004700931403931463,39.67500066757202,0.0,0.0,4.5,3.2093023255813953,39.67500066757202,,,,,,,cuda,ppo_lstm_seed88,full,1
283,888903,-0.003444930493060383,137.05802702903748,0.06684397021308541,0.0031787250918569043,37.725000534057614,0.0,0.0,4.64,3.619047619047619,37.725000534057614,,,,,,,cuda,ppo_lstm_seed88,full,1
284,892044,-0.0009068616268450569,133.04318380355835,0.06609464588109404,0.010118195321410894,42.270000791549684,0.0,0.0,4.4,3.2888888888888888,42.270000791549684,,,,,,,cuda,ppo_lstm_seed88,full,1
285,895185,0.0017476531211286783,117.40321278572083,0.05123162770178169,0.003402578950044699,37.71000057220459,0.0,0.0,4.238095238095238,3.731707317073171,37.71000057220459,,,,,,,cuda,ppo_lstm_seed88,full,1
286,898326,-0.005880740096927184,120.71497774124146,0.061233469285070896,0.009178008964227047,37.77000061035156,0.0,0.0,4.576923076923077,4.125,37.77000061035156,,,,,,,cuda,ppo_lstm_seed88,full,1
287,901467,-0.00265593288349919,111.32614088058472,0.06430320697836578,0.0077453442136175,36.875000591278074,0.0,0.0,4.666666666666667,4.026315789473684,36.875000591278074,24.667187500000004,0.0,0.0,4.0,4.565217391304348,24.667187500000004,cuda,ppo_lstm_seed88,full,1
288,904608,-0.0022132456360850483,117.08782720565796,0.041993846767582,0.008416905780904926,44.320000915527345,0.0,0.0,4.607142857142857,3.6041666666666665,44.320000915527345,,,,,,,cuda,ppo_lstm_seed88,full,1
289,907749,0.007880269346060231,135.34001469612122,0.05161699396558106,0.004745702248328598,37.34500060081482,0.0,0.0,4.545454545454546,3.558139534883721,37.34500060081482,,,,,,,cuda,ppo_lstm_seed88,full,1
290,910890,-0.0058950192915290245,117.01043272018433,0.05830896599218249,0.002775788085273234,36.74000042915344,0.0,0.0,4.583333333333333,4.048780487804878,36.74000042915344,,,,,,,cuda,ppo_lstm_seed88,full,1
291,914031,-0.0006579315231647342,130.68237924575806,0.05450909188948572,0.011461318557849154,41.71500064849854,0.0,0.0,4.62962962962963,3.74468085106383,41.71500064849854,,,,,,,cuda,ppo_lstm_seed88,full,1
292,917172,-0.0023972392518771812,117.44859027862549,0.05375630292110145,0.005148639160324819,32.13500039100647,0.0,0.0,4.888888888888889,4.170731707317073,32.13500039100647,,,,,,,cuda,ppo_lstm_seed88,full,1
293,920313,-0.0017867888236651197,110.39122271537781,0.05117947282269597,0.010297278422513045,33.76500031471252,0.0,0.0,4.7894736842105265,4.333333333333333,33.76500031471252,,,,,,,cuda,ppo_lstm_seed88,full,1
294,923454,0.00040971374801301863,125.83113551139832,0.047664328129030764,0.0031339542838395573,44.875000915527345,0.0,0.0,4.7272727272727275,3.4146341463414633,44.875000915527345,,,,,,,cuda,ppo_lstm_seed88,full,1
295,926595,-0.0038240501016844064,96.41463375091553,0.045581677230075,0.0029101004074618686,39.64500076293945,0.0,0.0,4.583333333333333,3.5714285714285716,39.64500076293945,,,,,,,cuda,ppo_lstm_seed88,full,1
296,929736,-0.0016727761831134558,130.12916207313538,0.06682433525566012,0.008819842849334236,44.92000098228455,0.0,0.0,4.628571428571429,4.111111111111111,44.92000098228455,,,,,,,cuda,ppo_lstm_seed88,full,1
297,932877,0.000334881195158232,122.12611770629883,0.06313422881066799,0.001208810932439519,42.10500072479248,0.0,0.0,4.4,3.4893617021276597,42.10500072479248,,,,,,,cuda,ppo_lstm_seed88,full,1
298,936018,-0.00415110241738148,118.03408324718475,0.06030971370637417,0.006984240993915591,31.655000405311583,0.0,0.0,4.733333333333333,3.883720930232558,31.655000405311583,,,,,,,cuda,ppo_lstm_seed88,full,1
299,939159,-0.0020098954264540225,102.83311295509338,0.06498645467218012,0.0035368912722333334,39.43500064849854,0.0,0.0,4.64,3.909090909090909,39.43500064849854,,,,,,,cuda,ppo_lstm_seed88,full,1
300,942300,-0.001253653463209048,125.04841208457947,0.06538794818334281,0.009088467428227887,40.44500069618225,0.0,0.0,4.814814814814815,4.045454545454546,40.44500069618225,,,,,,,cuda,ppo_lstm_seed88,full,1
301,945441,0.002089977093419293,125.81521797180176,0.0682435097405687,0.0042979944446415175,45.135000953674314,0.0,0.0,4.387096774193548,3.380952380952381,45.135000953674314,,,,,,,cuda,ppo_lstm_seed88,full,1
302,948582,-0.0027048756601288915,120.82779431343079,0.07002334960270673,0.010476361443579663,39.92000075340271,0.0,0.0,4.6521739130434785,3.0454545454545454,39.92000075340271,,,,,,,cuda,ppo_lstm_seed88,full,1
303,951723,-0.0002464421809236228,156.24080848693848,0.08496099640615284,0.008416905817284714,34.98000054359436,0.0,0.0,4.818181818181818,3.6,34.98000054359436,24.557812500000004,0.0,0.0,4.0,4.565217391304348,24.557812500000004,cuda,ppo_lstm_seed88,full,1
304,954864,0.01046335487626493,117.75826787948608,0.07585926866158843,0.010118195288669085,35.145000534057615,0.0,0.0,4.35,3.738095238095238,35.145000534057615,,,,,,,cuda,ppo_lstm_seed88,full,1
305,958005,0.010579712134131114,99.4456844329834,0.07339982129633427,0.002954871190013364,37.03500059127808,0.0,0.0,4.5,3.2916666666666665,37.03500059127808,,,,,,,cuda,ppo_lstm_seed88,full,1
306,961146,0.005839106450366671,105.18291079998016,0.0754973222501576,0.005730659271648619,42.30000081062317,0.0,0.0,4.703703703703703,3.723404255319149,42.30000081062317,,,,,,,cuda,ppo_lstm_seed88,full,1
307,964287,-0.0005898609524592757,124.0306646823883,0.06618244107812643,0.009178008949675132,42.3600009059906,0.0,0.0,4.793103448275862,3.475,42.3600009059906,,,,,,,cuda,ppo_lstm_seed88,full,1
308,967428,0.010462096986884717,109.07598340511322,0.07411592931021005,0.005820200804009801,36.13500069618225,0.0,0.0,4.722222222222222,3.260869565217391,36.13500069618225,,,,,,,cuda,ppo_lstm_seed88,full,1
309,970569,-0.0017477017648843685,121.0821304321289,0.0635310048237443,0.008685530476213899,41.3300008392334,0.0,0.0,4.733333333333333,3.948717948717949,41.3300008392334,,,,,,,cuda,ppo_lstm_seed88,full,1
310,973710,0.0026338053357903846,151.97576642036438,0.07631899625994265,0.003984599017712753,38.29000063896179,0.0,0.0,4.521739130434782,3.577777777777778,38.29000063896179,,,,,,,cuda,ppo_lstm_seed88,full,1
311,976851,-0.005164965827134438,116.62584149837494,0.05859144148416817,0.0042979944628314115,45.81000100135803,0.0,0.0,4.6571428571428575,3.4634146341463414,45.81000100135803,,,,,,,cuda,ppo_lstm_seed88,full,1
312,979992,0.002514497726224363,146.72611808776855,0.0685801007784903,0.005685888452717336,41.535000820159915,0.0,0.0,4.647058823529412,3.9166666666666665,41.535000820159915,,,,,,,cuda,ppo_lstm_seed88,full,1
313,983133,-6.655392189713893e-05,116.51255321502686,0.06915691890753806,0.006223137785127619,39.750000677108766,0.0,0.0,4.793103448275862,3.8205128205128207,39.750000677108766,,,,,,,cuda,ppo_lstm_seed88,full,1
314,986274,0.01245574739004951,119.78789448738098,0.06696086376905441,0.004700931385741569,40.470000925064085,0.0,0.0,4.678571428571429,3.361111111111111,40.470000925064085,,,,,,,cuda,ppo_lstm_seed88,full,1
315,989415,-0.005094605206977576,121.65322506427765,0.054093733662739396,0.010297278400685173,37.43000053405762,0.0,0.0,4.529411764705882,3.3653846153846154,37.43000053405762,,,,,,,cuda,ppo_lstm_seed88,full,1
316,992556,-0.003428908923524432,115.16223359107971,0.05258594639599323,0.008148281136527658,39.900000686645505,0.0,0.0,4.76,3.8085106382978724,39.900000686645505,,,,,,,cuda,ppo_lstm_seed88,full,1
317,995697,-0.0015267929520632606,126.2810389995575,0.04391367477364838,0.0015669771564716939,37.065000772476196,0.0,0.0,4.476190476190476,3.4473684210526314,37.065000772476196,,,,,,,cuda,ppo_lstm_seed88,full,1
318,998838,0.004645462279768253,106.63817071914673,0.04812510160263628,0.0035368912722333334,40.520000772476195,0.0,0.0,4.608695652173913,3.3191489361702127,40.520000772476195,25.331250000000004,0.0,0.0,4.0,4.565217391304348,25.331250000000004,cuda,ppo_lstm_seed88,full,1
